TenVanBan,DuongLink,NgayHieuLuc,Trang
Thông tư Thông tư 08/2025/TT-BYT,https://vbpl.vn/boyte/Pages/vbpq-toanvan.aspx?ItemID=176041&Keyword=,07/03/2025,1
Thông tư Thông tư 04/2025/TT-BYT,https://vbpl.vn/boyte/Pages/vbpq-toanvan.aspx?ItemID=174740&Keyword=,04/03/2025,1
Thông tư Thông tư 05/2025/TT-BYT,https://vbpl.vn/boyte/Pages/vbpq-toanvan.aspx?ItemID=174741&Keyword=,04/03/2025,1
Thông tư Thông tư 07/2025/TT-BYT,https://vbpl.vn/boyte/Pages/vbpq-toanvan.aspx?ItemID=174743&Keyword=,04/03/2025,1
Thông tư Thông tư 06/2025/TT-BYT,https://vbpl.vn/boyte/Pages/vbpq-toanvan.aspx?ItemID=174742&Keyword=,04/03/2025,1
Thông tư Thông tư 03/2025/TT-BYT,https://vbpl.vn/boyte/Pages/vbpq-toanvan.aspx?ItemID=174452&Keyword=,01/03/2025,1
Thông tư Thông tư 02/2025/TT-BYT,https://vbpl.vn/boyte/Pages/vbpq-toanvan.aspx?ItemID=174249&Keyword=,01/03/2025,1
Thông tư Thông tư 01/2025/TT-BYT,https://vbpl.vn/boyte/Pages/vbpq-toanvan.aspx?ItemID=173951&Keyword=,01/01/2025,1
Thông tư Thông tư 57/2024/TT-BYT,https://vbpl.vn/boyte/Pages/vbpq-toanvan.aspx?ItemID=174192&Keyword=,01/03/2025,1
Thông tư Thông tư 50/2024/TT-BYT,https://vbpl.vn/boyte/Pages/vbpq-toanvan.aspx?ItemID=174031&Keyword=,01/03/2025,1
Thông tư Thông tư 49/2024/TT-BYT,https://vbpl.vn/boyte/Pages/vbpq-toanvan.aspx?ItemID=173944&Keyword=,31/12/2024,1
Thông tư Thông tư 55/2024/TT-BYT,https://vbpl.vn/boyte/Pages/vbpq-toanvan.aspx?ItemID=173949&Keyword=,01/01/2025,1
Thông tư Thông tư 48/2024/TT-BYT,https://vbpl.vn/boyte/Pages/vbpq-toanvan.aspx?ItemID=174188&Keyword=,01/03/2025,1
Thông tư Thông tư 56/2024/TT-BYT,https://vbpl.vn/boyte/Pages/vbpq-toanvan.aspx?ItemID=173950&Keyword=,18/02/2025,1
Thông tư Thông tư 54/2024/TT-BYT,https://vbpl.vn/boyte/Pages/vbpq-toanvan.aspx?ItemID=174191&Keyword=,01/01/2025,1
Thông tư Thông tư 53/2024/TT-BYT,https://vbpl.vn/boyte/Pages/vbpq-toanvan.aspx?ItemID=173947&Keyword=,01/03/2025,1
Thông tư Thông tư 51/TT-BYT,https://vbpl.vn/boyte/Pages/vbpq-toanvan.aspx?ItemID=174189&Keyword=,01/03/2025,1
Thông tư Thông tư 47/2024/TT-BYT,https://vbpl.vn/boyte/Pages/vbpq-toanvan.aspx?ItemID=173844&Keyword=,10/02/2025,1
Thông tư Thông tư 46/2024/TT-BYT,https://vbpl.vn/boyte/Pages/vbpq-toanvan.aspx?ItemID=173840&Keyword=,10/02/2025,1
Thông tư Thông tư 45/2024/TT-BYT,https://vbpl.vn/boyte/Pages/vbpq-toanvan.aspx?ItemID=173836&Keyword=,07/02/2025,1
Thông tư Thông tư 44/2024/TT-BYT,https://vbpl.vn/boyte/Pages/vbpq-toanvan.aspx?ItemID=173830&Keyword=,06/02/2025,1
Thông tư Thông tư 43/2024/TT-BYT,https://vbpl.vn/boyte/Pages/vbpq-toanvan.aspx?ItemID=172919&Keyword=,01/02/2025,1
Thông tư Thông tư 42/2024/TT-BYT,https://vbpl.vn/boyte/Pages/vbpq-toanvan.aspx?ItemID=172914&Keyword=,10/02/2025,1
Thông tư Thông tư 41/2024/TT-BYT,https://vbpl.vn/boyte/Pages/vbpq-toanvan.aspx?ItemID=172910&Keyword=,13/01/2025,1
Thông tư 40/2024/TT-BYT,https://vbpl.vn/boyte/Pages/vbpq-toanvan.aspx?ItemID=171886&Keyword=,08/01/2025,1
Thông tư 39/2024/TT-BYT,https://vbpl.vn/boyte/Pages/vbpq-toanvan.aspx?ItemID=171885&Keyword=,01/01/2025,1
Thông tư 36/2024/TT-BYT,https://vbpl.vn/boyte/Pages/vbpq-toanvan.aspx?ItemID=171712&Keyword=,01/01/2025,1
Thông tư 35/2024/TT-BYT,https://vbpl.vn/boyte/Pages/vbpq-toanvan.aspx?ItemID=171711&Keyword=,01/01/2025,1
Thông tư 37/2024/TT-BYT,https://vbpl.vn/boyte/Pages/vbpq-toanvan.aspx?ItemID=171713&Keyword=,01/01/2025,1
Thông tư 32/2024/TT-BYT,https://vbpl.vn/boyte/Pages/vbpq-toanvan.aspx?ItemID=171707&Keyword=,14/01/2025,1
Thông tư 33/2024/TT-BYT,https://vbpl.vn/boyte/Pages/vbpq-toanvan.aspx?ItemID=171708&Keyword=,01/01/2025,2
Thông tư 34/2024/TT-BYT,https://vbpl.vn/boyte/Pages/vbpq-toanvan.aspx?ItemID=171710&Keyword=,31/12/2024,2
Thông tư 31/2024/TT-BYT,https://vbpl.vn/boyte/Pages/vbpq-toanvan.aspx?ItemID=171706&Keyword=,06/01/2025,2
Thông tư 30/2024/TT-BYT,https://vbpl.vn/boyte/Pages/vbpq-toanvan.aspx?ItemID=171150&Keyword=,19/12/2024,2
Thông tư 29/2024/TT-BYT,https://vbpl.vn/boyte/Pages/vbpq-toanvan.aspx?ItemID=171137&Keyword=,01/01/2025,2
Thông tư 28/2024/TT-BYT,https://vbpl.vn/boyte/Pages/vbpq-toanvan.aspx?ItemID=171709&Keyword=,15/12/2024,2
Thông tư 27/2024/TT-BYT,https://vbpl.vn/boyte/Pages/vbpq-toanvan.aspx?ItemID=171116&Keyword=,30/01/2025,2
Thông tư 26/2024/TT-BYT,https://vbpl.vn/boyte/Pages/vbpq-toanvan.aspx?ItemID=171115&Keyword=,15/12/2024,2
Thông tư 25/2024/TT-BYT,https://vbpl.vn/boyte/Pages/vbpq-toanvan.aspx?ItemID=171110&Keyword=,15/12/2024,2
Thông tư 24/2024/TT-BYT,https://vbpl.vn/boyte/Pages/vbpq-toanvan.aspx?ItemID=171099&Keyword=,14/12/2024,2
Thông tư 22/2024/TT-BYT,https://vbpl.vn/boyte/Pages/vbpq-toanvan.aspx?ItemID=170582&Keyword=,01/01/2025,2
Thông tư 23/2024/TT-BYT,https://vbpl.vn/boyte/Pages/vbpq-toanvan.aspx?ItemID=170581&Keyword=,18/10/2024,2
Thông tư 21/2024/TT-BYT,https://vbpl.vn/boyte/Pages/vbpq-toanvan.aspx?ItemID=170583&Keyword=,17/10/2024,2
Thông tư 20/2024/TT-BYT,https://vbpl.vn/boyte/Pages/vbpq-toanvan.aspx?ItemID=170584&Keyword=,28/11/2024,2
Thông tư 19/2024/TT-BYT,https://vbpl.vn/boyte/Pages/vbpq-toanvan.aspx?ItemID=170588&Keyword=,16/11/2024,2
Thông tư 18/2024/TT-BYT,https://vbpl.vn/boyte/Pages/vbpq-toanvan.aspx?ItemID=170589&Keyword=,01/10/2024,2
Thông tư 16/2024/TT-BYT,https://vbpl.vn/boyte/Pages/vbpq-toanvan.aspx?ItemID=170592&Keyword=,15/11/2024,2
Thông tư 17/2024/TT-BYT,https://vbpl.vn/boyte/Pages/vbpq-toanvan.aspx?ItemID=170590&Keyword=,15/11/2024,2
Thông tư 15/2024/TT-BYT,https://vbpl.vn/boyte/Pages/vbpq-toanvan.aspx?ItemID=170594&Keyword=,02/11/2024,2
Thông tư 14/2024/TT-BYT,https://vbpl.vn/boyte/Pages/vbpq-toanvan.aspx?ItemID=170600&Keyword=,28/10/2024,2
Thông tư 13/2024/TT-BYT,https://vbpl.vn/boyte/Pages/vbpq-toanvan.aspx?ItemID=171715&Keyword=,10/10/2024,2
Thông tư 12/2024/TT-BYT,https://vbpl.vn/boyte/Pages/vbpq-toanvan.aspx?ItemID=169841&Keyword=,05/08/2024,2
Thông tư 11/2024/TT-BYT,https://vbpl.vn/boyte/Pages/vbpq-toanvan.aspx?ItemID=169842&Keyword=,01/09/2024,2
Thông tư 10/2024/TT-BYT,https://vbpl.vn/boyte/Pages/vbpq-toanvan.aspx?ItemID=169843&Keyword=,01/08/2024,2
Thông tư 09/2024/TT-BYT,https://vbpl.vn/boyte/Pages/vbpq-toanvan.aspx?ItemID=169844&Keyword=,26/07/2024,2
Thông tư 08/2024/TT-BYT,https://vbpl.vn/boyte/Pages/vbpq-toanvan.aspx?ItemID=169585&Keyword=,24/05/2024,2
Thông tư 07/2024/TT-BYT,https://vbpl.vn/boyte/Pages/vbpq-toanvan.aspx?ItemID=168238&Keyword=,17/05/2024,2
Thông tư 06/2024/TT-BYT,https://vbpl.vn/boyte/Pages/vbpq-toanvan.aspx?ItemID=167103&Keyword=,01/07/2024,2
Thông tư 05/2024/TT-BYT,https://vbpl.vn/boyte/Pages/vbpq-toanvan.aspx?ItemID=167105&Keyword=,15/05/2024,2
Thông tư 04/2024/TT-BYT,https://vbpl.vn/boyte/Pages/vbpq-toanvan.aspx?ItemID=166833&Keyword=,20/04/2024,2
Thông tư 03/2024/TT-BYT,https://vbpl.vn/boyte/Pages/vbpq-toanvan.aspx?ItemID=166832&Keyword=,16/04/2024,3
Thông tư 02/2024/TT-BYT,https://vbpl.vn/boyte/Pages/vbpq-toanvan.aspx?ItemID=166665&Keyword=,12/03/2024,3
Thông tư 01/2024/TT-BYT,https://vbpl.vn/boyte/Pages/vbpq-toanvan.aspx?ItemID=166663&Keyword=,15/04/2024,3
Thông tư 34/2023/TT-BYT,https://vbpl.vn/boyte/Pages/vbpq-toanvan.aspx?ItemID=166208&Keyword=,19/02/2024,3
Thông tư 32/2023/TT-BYT,https://vbpl.vn/boyte/Pages/vbpq-toanvan.aspx?ItemID=167907&Keyword=,01/01/2024,3
Thông tư 29/2023/TT-BYT,https://vbpl.vn/boyte/Pages/vbpq-toanvan.aspx?ItemID=166451&Keyword=,15/02/2024,3
Thông tư 31/2023/TT-BYT,https://vbpl.vn/boyte/Pages/vbpq-toanvan.aspx?ItemID=166436&Keyword=,15/02/2024,3
Thông tư 25/2023/TT-BYT,https://vbpl.vn/boyte/Pages/vbpq-toanvan.aspx?ItemID=166207&Keyword=,...,3
Thông tư 26/2023/TT-BYT,https://vbpl.vn/boyte/Pages/vbpq-toanvan.aspx?ItemID=166457&Keyword=,15/03/2024,3
Thông tư 24/2023/TT-BYT,https://vbpl.vn/boyte/Pages/vbpq-toanvan.aspx?ItemID=166461&Keyword=,03/02/2024,3
Thông tư 23/2023/TT-BYT,https://vbpl.vn/boyte/Pages/vbpq-toanvan.aspx?ItemID=166468&Keyword=,15/01/2024,3
Thông tư 22/2023/TT-BYT,https://vbpl.vn/boyte/Pages/vbpq-toanvan.aspx?ItemID=166551&Keyword=,17/11/2023,3
Thông tư 20/2023/TT-BYT,https://vbpl.vn/boyte/Pages/vbpq-toanvan.aspx?ItemID=166212&Keyword=,01/01/2024,3
Thông tư 19/2023/TT-BYT,https://vbpl.vn/boyte/Pages/vbpq-toanvan.aspx?ItemID=166209&Keyword=,...,3
Thông tư 18/2023/TT-BYT,https://vbpl.vn/boyte/Pages/vbpq-toanvan.aspx?ItemID=166469&Keyword=,12/12/2023,3
Thông tư 17/2023/TT-BYT,https://vbpl.vn/boyte/Pages/vbpq-toanvan.aspx?ItemID=166433&Keyword=,09/11/2023,3
Thông tư 16/2023/TT-BYT,https://vbpl.vn/boyte/Pages/vbpq-toanvan.aspx?ItemID=162134&Keyword=,01/10/2023,3
Thông tư 15/2023/TT-BYT,https://vbpl.vn/boyte/Pages/vbpq-toanvan.aspx?ItemID=162133&Keyword=,15/09/2023,3
Thông tư 12/2023/TT-BYT,https://vbpl.vn/boyte/Pages/vbpq-toanvan.aspx?ItemID=162130&Keyword=,06/06/2023,3
Thông tư 11/2023/TT-BYT,https://vbpl.vn/boyte/Pages/vbpq-toanvan.aspx?ItemID=162129&Keyword=,01/08/2023,3
Thông tư 10/2023/TT-BYT,https://vbpl.vn/boyte/Pages/vbpq-toanvan.aspx?ItemID=160772&Keyword=,11/05/2023,3
Thông tư 09/2023/TT-BYT,https://vbpl.vn/boyte/Pages/vbpq-toanvan.aspx?ItemID=162114&Keyword=,20/06/2023,3
Thông tư 08/2023/TT-BYT,https://vbpl.vn/boyte/Pages/vbpq-toanvan.aspx?ItemID=160132&Keyword=,14/04/2023,3
Thông tư 07/2023/TT-BYT,https://vbpl.vn/boyte/Pages/vbpq-toanvan.aspx?ItemID=160129&Keyword=,01/06/2023,3
Thông tư 05/2023/TT-BYT,https://vbpl.vn/boyte/Pages/vbpq-toanvan.aspx?ItemID=160127&Keyword=,01/05/2023,3
Thông tư 04/2023/TT-BYT,https://vbpl.vn/boyte/Pages/vbpq-toanvan.aspx?ItemID=159491&Keyword=,01/05/2023,3
Thông tư 03/2023/TT-BYT,https://vbpl.vn/boyte/Pages/vbpq-toanvan.aspx?ItemID=160130&Keyword=,05/04/2023,3
Thông tư 02/2023/TT-BYT,https://vbpl.vn/boyte/Pages/vbpq-toanvan.aspx?ItemID=160122&Keyword=,01/04/2023,3
Thông tư 01/2023/TT-BYT,https://vbpl.vn/boyte/Pages/vbpq-toanvan.aspx?ItemID=160121&Keyword=,15/04/2023,3
Thông tư 19/2022/TT-BYT,https://vbpl.vn/boyte/Pages/vbpq-toanvan.aspx?ItemID=159367&Keyword=,15/02/2023,3
Thông tư 18/2022/TT-BYT,https://vbpl.vn/boyte/Pages/vbpq-toanvan.aspx?ItemID=159366&Keyword=,15/02/2023,4
Thông tư 20/2022/TT-BYT,https://vbpl.vn/boyte/Pages/vbpq-toanvan.aspx?ItemID=159368&Keyword=,01/03/2023,4
Thông tư 16/2022/TT-BYT,https://vbpl.vn/boyte/Pages/vbpq-toanvan.aspx?ItemID=159364&Keyword=,18/02/2023,4
Thông tư 17/2022/TT-BYT,https://vbpl.vn/boyte/Pages/vbpq-toanvan.aspx?ItemID=159365&Keyword=,15/02/2023,4
Thông tư 15/2022/TT-BYT,https://vbpl.vn/boyte/Pages/vbpq-toanvan.aspx?ItemID=158394&Keyword=,01/02/2023,4
Thông tư 14/2022/TT-BYT,https://vbpl.vn/boyte/Pages/vbpq-toanvan.aspx?ItemID=159363&Keyword=,01/02/2023,4
Thông tư 12/2022/TT-BYT,https://vbpl.vn/boyte/Pages/vbpq-toanvan.aspx?ItemID=158392&Keyword=,05/01/2023,4
Thông tư 11/2022/TT-BYT,https://vbpl.vn/boyte/Pages/vbpq-toanvan.aspx?ItemID=159340&Keyword=,15/12/2022,4
Thông tư 10/2022/TT-BYT,https://vbpl.vn/boyte/Pages/vbpq-toanvan.aspx?ItemID=158390&Keyword=,22/09/2022,4
Thông tư 08/2022/TT-BYT,https://vbpl.vn/boyte/Pages/vbpq-toanvan.aspx?ItemID=159339&Keyword=,20/10/2022,4
Thông tư 07/2022/TT-BYT,https://vbpl.vn/boyte/Pages/vbpq-toanvan.aspx?ItemID=158387&Keyword=,01/11/2022,4
Thông tư 05/2022/TT-BYT,https://vbpl.vn/boyte/Pages/vbpq-toanvan.aspx?ItemID=159338&Keyword=,01/08/2022,4
Thông tư 04/2022/TT-BYT,https://vbpl.vn/boyte/Pages/vbpq-toanvan.aspx?ItemID=159337&Keyword=,15/09/2022,4
Thông tư 03/2022/TT-BYT,https://vbpl.vn/boyte/Pages/vbpq-toanvan.aspx?ItemID=159336&Keyword=,10/06/2022,4
Thông tư 02/2022/TT-BYT,https://vbpl.vn/boyte/Pages/vbpq-toanvan.aspx?ItemID=153632&Keyword=,21/02/2022,4
Thông tư 01/2022/TT-BYT,https://vbpl.vn/boyte/Pages/vbpq-toanvan.aspx?ItemID=153633&Keyword=,01/03/2022,4
Thông tư 32/2021/TT-BYT,https://vbpl.vn/boyte/Pages/vbpq-toanvan.aspx?ItemID=152957&Keyword=,15/02/2022,4
Thông tư 38/2021/TT-BYT,https://vbpl.vn/boyte/Pages/vbpq-toanvan.aspx?ItemID=152960&Keyword=,15/02/2022,4
Thông tư 33/2021/TT-BYT,https://vbpl.vn/boyte/Pages/vbpq-toanvan.aspx?ItemID=152964&Keyword=,15/02/2022,4
Thông tư 36/2021/TT-BYT,https://vbpl.vn/boyte/Pages/vbpq-toanvan.aspx?ItemID=153012&Keyword=,15/02/2022,4
Thông tư 39/2021/TT-BYT,https://vbpl.vn/boyte/Pages/vbpq-toanvan.aspx?ItemID=152961&Keyword=,15/02/2022,4
Thông tư 35/2021/TT-BYT,https://vbpl.vn/boyte/Pages/vbpq-toanvan.aspx?ItemID=153011&Keyword=,15/02/2022,4
Thông tư 31/2021/TT-BYT,https://vbpl.vn/boyte/Pages/vbpq-toanvan.aspx?ItemID=152956&Keyword=,27/02/2022,4
Thông tư 30/2021/TT-BYT,https://vbpl.vn/boyte/Pages/vbpq-toanvan.aspx?ItemID=152959&Keyword=,01/03/2022,4
Thông tư 29/2021/TT-BYT,https://vbpl.vn/boyte/Pages/vbpq-toanvan.aspx?ItemID=157102&Keyword=,06/02/2022,4
Thông tư 28/2021/TT-BYT,https://vbpl.vn/boyte/Pages/vbpq-toanvan.aspx?ItemID=170598&Keyword=,02/02/2022,4
Thông tư 27/2021/TT-BYT,https://vbpl.vn/boyte/Pages/vbpq-toanvan.aspx?ItemID=152958&Keyword=,15/02/2022,4
Thông tư 25/2021/TT-BYT,https://vbpl.vn/boyte/Pages/vbpq-toanvan.aspx?ItemID=169508&Keyword=,01/02/2022,4
Thông tư 24/2021/TT-BYT,https://vbpl.vn/boyte/Pages/vbpq-toanvan.aspx?ItemID=152954&Keyword=,01/02/2022,4
Thông tư 23/2021/TT-BYT,https://vbpl.vn/boyte/Pages/vbpq-toanvan.aspx?ItemID=152955&Keyword=,25/01/2022,4
Thông tư 21/2021/TT-BYT,https://vbpl.vn/boyte/Pages/vbpq-toanvan.aspx?ItemID=152953&Keyword=,10/01/2022,5
Thông tư 20/2021/TT-BYT,https://vbpl.vn/boyte/Pages/vbpq-toanvan.aspx?ItemID=166211&Keyword=,...,5
Thông tư 19/2021/TT-BYT,https://vbpl.vn/boyte/Pages/vbpq-van-ban-goc.aspx?ItemID=152962&Keyword=,01/01/2022,5
Thông tư 18/2021/TT-BYT,https://vbpl.vn/boyte/Pages/vbpq-toanvan.aspx?ItemID=155922&Keyword=,01/01/2022,5
Thông tư 13/2021/TT-BYT,https://vbpl.vn/boyte/Pages/vbpq-toanvan.aspx?ItemID=149615&Keyword=,16/09/2021,5
Thông tư 12/2021/TT-BYT,https://vbpl.vn/boyte/Pages/vbpq-toanvan.aspx?ItemID=149616&Keyword=,01/11/2021,5
Thông tư 11/2021/TT-BYT,https://vbpl.vn/boyte/Pages/vbpq-toanvan.aspx?ItemID=149192&Keyword=,19/08/2021,5
Thông tư 09/2021/TT-BYT,https://vbpl.vn/boyte/Pages/vbpq-toanvan.aspx?ItemID=148468&Keyword=,15/08/2021,5
Thông tư 10/2021/TT-BYT,https://vbpl.vn/boyte/Pages/vbpq-toanvan.aspx?ItemID=148469&Keyword=,01/09/2021,5
Thông tư 08/2021/TT-BYT,https://vbpl.vn/boyte/Pages/vbpq-toanvan.aspx?ItemID=148467&Keyword=,13/08/2021,5
Thông tư 05/2021/TT-BYT,https://vbpl.vn/boyte/Pages/vbpq-toanvan.aspx?ItemID=148061&Keyword=,01/07/2021,5
Thông tư 04/2021/TT-BYT,https://vbpl.vn/boyte/Pages/vbpq-toanvan.aspx?ItemID=148465&Keyword=,01/07/2021,5
Thông tư 02/2021/TT-BYT,https://vbpl.vn/boyte/Pages/vbpq-toanvan.aspx?ItemID=148463&Keyword=,10/03/2021,5
Thông tư 01/2021/TT-BYT,https://vbpl.vn/boyte/Pages/vbpq-toanvan.aspx?ItemID=148462&Keyword=,10/03/2021,5
Thông tư 33/2020/TT-BYT,https://vbpl.vn/boyte/Pages/vbpq-toanvan.aspx?ItemID=148058&Keyword=,01/03/2021,5
Thông tư 29/2020/TT-BYT,https://vbpl.vn/boyte/Pages/vbpq-toanvan.aspx?ItemID=147276&Keyword=,15/02/2021,5
Thông tư 27/2020/TT-BYT,https://vbpl.vn/boyte/Pages/vbpq-toanvan.aspx?ItemID=147221&Keyword=,01/03/2021,5
Thông tư 28/2020/TT-BYT,https://vbpl.vn/boyte/Pages/vbpq-toanvan.aspx?ItemID=147275&Keyword=,01/03/2021,5
Thông tư 32/2020/TT-BYT,https://vbpl.vn/boyte/Pages/vbpq-toanvan.aspx?ItemID=147387&Keyword=,17/02/2021,5
Thông tư 31/2020/TT-BYT,https://vbpl.vn/boyte/Pages/vbpq-toanvan.aspx?ItemID=147386&Keyword=,01/09/2021,5
Thông tư 30/2020/TT-BYT,https://vbpl.vn/boyte/Pages/vbpq-toanvan.aspx?ItemID=147385&Keyword=,01/03/2021,5
Thông tư 25/2020/TT-BYT,https://vbpl.vn/boyte/Pages/vbpq-toanvan.aspx?ItemID=147219&Keyword=,15/02/2021,5
Thông tư 26/2020/TT-BYT,https://vbpl.vn/boyte/Pages/vbpq-toanvan.aspx?ItemID=147220&Keyword=,01/03/2021,5
Thông tư 24/2020/TT-BYT,https://vbpl.vn/boyte/Pages/vbpq-toanvan.aspx?ItemID=147197&Keyword=,01/02/2021,5
Thông tư 23/2020/TT-BYT,https://vbpl.vn/boyte/Pages/vbpq-toanvan.aspx?ItemID=147196&Keyword=,01/02/2021,5
Thông tư 21/2020/TT-BYT,https://vbpl.vn/boyte/Pages/vbpq-toanvan.aspx?ItemID=147194&Keyword=,15/01/2021,5
Thông tư 20/2020/TT-BYT,https://vbpl.vn/boyte/Pages/vbpq-toanvan.aspx?ItemID=147193&Keyword=,15/01/2021,5
Thông tư 17/2020/TT-BYT,https://vbpl.vn/boyte/Pages/vbpq-toanvan.aspx?ItemID=147191&Keyword=,01/01/2021,5
Thông tư 18/2020/TT-BYT,https://vbpl.vn/boyte/Pages/vbpq-toanvan.aspx?ItemID=147192&Keyword=,01/01/2021,5
Thông tư 16/2020/TT-BYT,https://vbpl.vn/boyte/Pages/vbpq-toanvan.aspx?ItemID=145046&Keyword=,12/12/2020,5
Thông tư 14/2020/TT-BYT,https://vbpl.vn/boyte/Pages/vbpq-toanvan.aspx?ItemID=144164&Keyword=,01/09/2020,6
Thông tư 13/2020/TT-BYT,https://vbpl.vn/boyte/Pages/vbpq-toanvan.aspx?ItemID=169565&Keyword=,10/08/2020,6
Thông tư 12/2020/TT-BYT,https://vbpl.vn/boyte/Pages/vbpq-toanvan.aspx?ItemID=144203&Keyword=,06/08/2020,6
Thông tư 13/2020/TT-BYTT,https://vbpl.vn/boyte/Pages/vbpq-toanvan.aspx?ItemID=144205&Keyword=,10/08/2020,6
Thông tư 11/2020/TT-BYT,https://vbpl.vn/boyte/Pages/vbpq-toanvan.aspx?ItemID=144167&Keyword=,20/08/2020,6
Thông tư 10/2020/TT-BYT,https://vbpl.vn/boyte/Pages/vbpq-toanvan.aspx?ItemID=144166&Keyword=,10/08/2020,6
Thông tư 9/2020/TT-BYT,https://vbpl.vn/boyte/Pages/vbpq-toanvan.aspx?ItemID=143357&Keyword=,25/07/2020,6
Thông tư 8/2020/TT-BYT,https://vbpl.vn/boyte/Pages/vbpq-toanvan.aspx?ItemID=143356&Keyword=,11/07/2020,6
Thông tư 7/2020/TT-BYT,https://vbpl.vn/boyte/Pages/vbpq-toanvan.aspx?ItemID=143354&Keyword=,27/06/2020,6
Thông tư 6/2020/TT-BYT,https://vbpl.vn/boyte/Pages/vbpq-toanvan.aspx?ItemID=143353&Keyword=,01/07/2020,6
Thông tư 05/2020/TT-BYT,https://vbpl.vn/boyte/Pages/vbpq-toanvan.aspx?ItemID=141855&Keyword=,01/06/2020,6
Thông tư 03/2020/TT-BYT,https://vbpl.vn/boyte/Pages/vbpq-toanvan.aspx?ItemID=141199&Keyword=,16/03/2020,6
Thông tư 02/2020/TT-BYT,https://vbpl.vn/boyte/Pages/vbpq-toanvan.aspx?ItemID=140746&Keyword=,15/03/2020,6
Thông tư 01/2020/TT-BYT,https://vbpl.vn/boyte/Pages/vbpq-toanvan.aspx?ItemID=141202&Keyword=,01/03/2020,6
Thông tư 34/2019/TT-BYT,https://vbpl.vn/boyte/Pages/vbpq-toanvan.aspx?ItemID=140744&Keyword=,01/03/2020,6
Thông tư 37/2019/TT-BYT,https://vbpl.vn/boyte/Pages/vbpq-toanvan.aspx?ItemID=149982&Keyword=,01/04/2020,6
Thông tư 35/2019/TT-BYT,https://vbpl.vn/boyte/Pages/vbpq-toanvan.aspx?ItemID=140745&Keyword=,01/03/2020,6
Thông tư 32/2019/TT-BYT,https://vbpl.vn/boyte/Pages/vbpq-toanvan.aspx?ItemID=140743&Keyword=,01/02/2020,6
Thông tư 31/2019/TT-BYT,https://vbpl.vn/boyte/Pages/vbpq-toanvan.aspx?ItemID=140740&Keyword=,20/01/2020,6
Thông tư 30/2019/TT-BYT,https://vbpl.vn/boyte/Pages/vbpq-toanvan.aspx?ItemID=141539&Keyword=,01/02/2020,6
Thông tư 29/2019/TT-BYT,https://vbpl.vn/boyte/Pages/vbpq-toanvan.aspx?ItemID=141696&Keyword=,01/02/2020,6
Thông tư 28/2019/TT-BYT,https://vbpl.vn/boyte/Pages/vbpq-toanvan.aspx?ItemID=140739&Keyword=,10/12/2019,6
Thông tư 27/2019/TT-BYT,https://vbpl.vn/boyte/Pages/vbpq-van-ban-goc.aspx?ItemID=138681&Keyword=,01/12/2019,6
Thông tư 25/2019/TT-BYT,https://vbpl.vn/boyte/Pages/vbpq-toanvan.aspx?ItemID=138173&Keyword=,16/10/2019,6
Thông tư 24/2019/TT-BYT,https://vbpl.vn/boyte/Pages/vbpq-toanvan.aspx?ItemID=138162&Keyword=,16/10/2019,6
Thông tư 26/2019/TT-BYT,https://vbpl.vn/boyte/Pages/vbpq-toanvan.aspx?ItemID=138438&Keyword=,15/10/2019,6
Thông tư 23/2019/TT-BYT,https://vbpl.vn/boyte/Pages/vbpq-toanvan.aspx?ItemID=138176&Keyword=,01/11/2019,6
Thông tư 22/2019/TT-BYT,https://vbpl.vn/boyte/Pages/vbpq-toanvan.aspx?ItemID=138174&Keyword=,01/11/2019,6
Thông tư 21/2019/TT-BYT,https://vbpl.vn/boyte/Pages/vbpq-toanvan.aspx?ItemID=138178&Keyword=,15/10/2019,6
Thông tư 19/2019/TT-BYT,https://vbpl.vn/boyte/Pages/vbpq-toanvan.aspx?ItemID=138051&Keyword=,26/09/2019,6
Thông tư 17/2019/TT-BYT,https://vbpl.vn/boyte/Pages/vbpq-toanvan.aspx?ItemID=136387&Keyword=,01/09/2019,7
Thông tư 18/2019/TT-BYT,https://vbpl.vn/boyte/Pages/vbpq-toanvan.aspx?ItemID=137245&Keyword=,17/07/2019,7
Thông tư 16/2019/TT-BYT,https://vbpl.vn/boyte/Pages/vbpq-toanvan.aspx?ItemID=136385&Keyword=,20/01/2020,7
Thông tư 14/2019/TT-BYT,https://vbpl.vn/boyte/Pages/vbpq-toanvan.aspx?ItemID=137243&Keyword=,20/08/2019,7
Thông tư 13/2019/TT-BYT,https://vbpl.vn/boyte/Pages/vbpq-toanvan.aspx?ItemID=137242&Keyword=,20/08/2019,7
Thông tư 12/2019/TT-BYT,https://vbpl.vn/boyte/Pages/vbpq-toanvan.aspx?ItemID=137241&Keyword=,01/09/2019,7
Thông tư 11/2019/TT-BYT,https://vbpl.vn/boyte/Pages/vbpq-toanvan.aspx?ItemID=137240&Keyword=,01/08/2019,7
Thông tư 09/2019/TT-BYT,https://vbpl.vn/boyte/Pages/vbpq-toanvan.aspx?ItemID=137238&Keyword=,01/08/2019,7
Thông tư 10/2019/TT-BYT,https://vbpl.vn/boyte/Pages/vbpq-toanvan.aspx?ItemID=137239&Keyword=,09/12/2019,7
Thông tư 08/2019/TT-BYT,https://vbpl.vn/boyte/Pages/vbpq-toanvan.aspx?ItemID=137237&Keyword=,01/08/2019,7
Thông tư 06/2019/TT-BYT,https://vbpl.vn/boyte/Pages/vbpq-toanvan.aspx?ItemID=137236&Keyword=,01/06/2019,7
Thông tư 05/2019/TT-BYT,https://vbpl.vn/boyte/Pages/vbpq-toanvan.aspx?ItemID=137235&Keyword=,01/06/2019,7
Thông tư 03/2019/TT-BYT,https://vbpl.vn/boyte/Pages/vbpq-toanvan.aspx?ItemID=135497&Keyword=,01/06/2019,7
Thông tư 04/2019/TT-BYT,https://vbpl.vn/boyte/Pages/vbpq-toanvan.aspx?ItemID=135498&Keyword=,30/05/2019,7
Thông tư 02/2019/TT-BYT,https://vbpl.vn/boyte/Pages/vbpq-toanvan.aspx?ItemID=137233&Keyword=,22/09/2019,7
Thông tư 45/2018/TT-BYT,https://vbpl.vn/boyte/Pages/vbpq-toanvan.aspx?ItemID=137207&Keyword=,01/03/2019,7
Thông tư 47/2018/TT-BYT,https://vbpl.vn/boyte/Pages/vbpq-toanvan.aspx?ItemID=135496&Keyword=,01/03/2019,7
Thông tư 44/2018/TT-BYT,https://vbpl.vn/boyte/Pages/vbpq-toanvan.aspx?ItemID=135495&Keyword=,01/03/2019,7
Thông tư 49/2018/TT-BYT,https://vbpl.vn/boyte/Pages/vbpq-toanvan.aspx?ItemID=148065&Keyword=,15/03/2019,7
Thông tư 46/2018/TT-BYT,https://vbpl.vn/boyte/Pages/vbpq-toanvan.aspx?ItemID=137209&Keyword=,01/03/2019,7
Thông tư 42/2018/TT-BYT,https://vbpl.vn/boyte/Pages/vbpq-toanvan.aspx?ItemID=137204&Keyword=,01/03/2019,7
Thông tư 43/2018/TT-BYT,https://vbpl.vn/boyte/Pages/vbpq-toanvan.aspx?ItemID=137205&Keyword=,01/03/2019,7
Thông tư 40/2018/TT-BYT,https://vbpl.vn/boyte/Pages/vbpq-toanvan.aspx?ItemID=135182&Keyword=,25/01/2019,7
Thông tư 38/2018/TT-BYT,https://vbpl.vn/boyte/Pages/vbpq-toanvan.aspx?ItemID=137201&Keyword=,21/01/2019,7
Thông tư 39/2018/TT-BYT,https://vbpl.vn/boyte/Pages/vbpq-toanvan.aspx?ItemID=137202&Keyword=,15/01/2019,7
Thông tư 37/2018/TT-BYT,https://vbpl.vn/boyte/Pages/vbpq-toanvan.aspx?ItemID=137200&Keyword=,15/01/2019,7
Thông tư 36/2018/TT-BYT,https://vbpl.vn/boyte/Pages/vbpq-toanvan.aspx?ItemID=135494&Keyword=,10/01/2019,7
Thông tư 35/2018/TT-BYT,https://vbpl.vn/boyte/Pages/vbpq-toanvan.aspx?ItemID=135491&Keyword=,01/01/2019,7
Thông tư 34/2018/TT-BYT,https://vbpl.vn/boyte/Pages/vbpq-toanvan.aspx?ItemID=132358&Keyword=,01/01/2019,7
Thông tư 32/2018/TT-BYT,https://vbpl.vn/boyte/Pages/vbpq-toanvan.aspx?ItemID=135490&Keyword=,01/09/2019,7
Thông tư 31/2018/TT-BYT,https://vbpl.vn/boyte/Pages/vbpq-toanvan.aspx?ItemID=135489&Keyword=,01/01/2019,8
Thông tư 30/2018/TT-BYT,https://vbpl.vn/boyte/Pages/vbpq-toanvan.aspx?ItemID=137198&Keyword=,01/01/2019,8
Thông tư 29/2018/TT-BYT,https://vbpl.vn/boyte/Pages/vbpq-toanvan.aspx?ItemID=132229&Keyword=,01/01/2019,8
Thông tư 28/2018/TT-BYT,https://vbpl.vn/boyte/Pages/vbpq-toanvan.aspx?ItemID=135468&Keyword=,01/01/2019,8
Thông tư 27/2018/TT-BYT,https://vbpl.vn/boyte/Pages/vbpq-toanvan.aspx?ItemID=135466&Keyword=,01/01/2019,8
Thông tư 26/2018/TT-BYT,https://vbpl.vn/boyte/Pages/vbpq-toanvan.aspx?ItemID=137197&Keyword=,10/12/2018,8
Thông tư 25/2018/TT-BYT,https://vbpl.vn/boyte/Pages/vbpq-toanvan.aspx?ItemID=137196&Keyword=,15/11/2018,8
Thông tư 24/2018/TT-BYT,https://vbpl.vn/boyte/Pages/vbpq-toanvan.aspx?ItemID=132238&Keyword=,15/11/2018,8
Thông tư 23/2018/TT-BYT,https://vbpl.vn/boyte/Pages/vbpq-toanvan.aspx?ItemID=131959&Keyword=,01/11/2018,8
Thông tư 21/2018/TT-BYT,https://vbpl.vn/boyte/Pages/vbpq-toanvan.aspx?ItemID=137186&Keyword=,28/10/2018,8
Thông tư 20/2018/TT-BYT,https://vbpl.vn/boyte/Pages/vbpq-toanvan.aspx?ItemID=137185&Keyword=,01/11/2018,8
Thông tư 19/2018/TT-BYT,https://vbpl.vn/boyte/Pages/vbpq-toanvan.aspx?ItemID=132228&Keyword=,15/10/2018,8
Thông tư 18/2018/TT-BYT,https://vbpl.vn/boyte/Pages/vbpq-toanvan.aspx?ItemID=136847&Keyword=,15/10/2018,8
Thông tư 17/2018/TT-BYT,https://vbpl.vn/boyte/Pages/vbpq-toanvan.aspx?ItemID=137159&Keyword=,01/10/2018,8
Thông tư 16/2018/TT-BYT,https://vbpl.vn/boyte/Pages/vbpq-toanvan.aspx?ItemID=132194&Keyword=,01/10/2018,8
Thông tư 15/2018/TT-BYT,https://vbpl.vn/boyte/Pages/vbpq-toanvan.aspx?ItemID=129503&Keyword=,15/07/2018,8
Thông tư 13/2018/TT-BYT,https://vbpl.vn/boyte/Pages/vbpq-toanvan.aspx?ItemID=129501&Keyword=,30/06/2018,8
Thông tư 14/2018/TT-BYT,https://vbpl.vn/boyte/Pages/vbpq-toanvan.aspx?ItemID=129502&Keyword=,01/07/2018,8
Thông tư 10/2018/TT-BYT,https://vbpl.vn/boyte/Pages/vbpq-toanvan.aspx?ItemID=129498&Keyword=,18/06/2018,8
Thông tư 12/2018/TT-BYT,https://vbpl.vn/boyte/Pages/vbpq-toanvan.aspx?ItemID=129500&Keyword=,01/07/2018,8
Thông tư 11/2018/TT-BYT,https://vbpl.vn/boyte/Pages/vbpq-toanvan.aspx?ItemID=129499&Keyword=,20/06/2018,8
Thông tư 08/2018/TT-BYT,https://vbpl.vn/boyte/Pages/vbpq-toanvan.aspx?ItemID=129491&Keyword=,15/06/2018,8
Thông tư 07/2018/TT-BYT,https://vbpl.vn/boyte/Pages/vbpq-toanvan.aspx?ItemID=129490&Keyword=,01/06/2018,8
Thông tư 56/2017/TT-BYT,https://vbpl.vn/boyte/Pages/vbpq-toanvan.aspx?ItemID=129005&Keyword=,01/03/2018,8
Thông tư 03/2018/TT-BYT,https://vbpl.vn/boyte/Pages/vbpq-toanvan.aspx?ItemID=129486&Keyword=,26/03/2018,8
Thông tư 04/2018/TT-BYT,https://vbpl.vn/boyte/Pages/vbpq-toanvan.aspx?ItemID=129487&Keyword=,26/03/2018,8
Thông tư 02/2018/TT-BYT,https://vbpl.vn/boyte/Pages/vbpq-toanvan.aspx?ItemID=129485&Keyword=,08/03/2018,8
Thông tư 01/2018/TT-BYT,https://vbpl.vn/boyte/Pages/vbpq-toanvan.aspx?ItemID=129483&Keyword=,01/06/2018,8
Thông tư 55/2017/TT-BYT,https://vbpl.vn/boyte/Pages/vbpq-toanvan.aspx?ItemID=132227&Keyword=,01/03/2018,8
Thông tư 56/2017/TT-BYT,https://vbpl.vn/boyte/Pages/vbpq-toanvan.aspx?ItemID=142489&Keyword=,01/03/2018,8
Thông tư 50/2017/TT-BYT,https://vbpl.vn/boyte/Pages/vbpq-toanvan.aspx?ItemID=137956&Keyword=,01/03/2018,9
Thông tư 52/2017/TT-BYT,https://vbpl.vn/boyte/Pages/vbpq-toanvan.aspx?ItemID=132226&Keyword=,01/03/2018,9
Thông tư 54/2017/TT-BYT,https://vbpl.vn/boyte/Pages/vbpq-toanvan.aspx?ItemID=128249&Keyword=,27/02/2018,9
Thông tư 51/2017/TT-BYT,https://vbpl.vn/boyte/Pages/vbpq-toanvan.aspx?ItemID=128248&Keyword=,15/02/2018,9
Thông tư 49/2017/TT-BYT,https://vbpl.vn/boyte/Pages/vbpq-toanvan.aspx?ItemID=128250&Keyword=,15/02/2018,9
Thông tư 48/2017/TT-BYT,https://vbpl.vn/boyte/Pages/vbpq-toanvan.aspx?ItemID=149470&Keyword=,01/03/2018,9
Thông tư 46/2017/TT-BYT,https://vbpl.vn/boyte/Pages/vbpq-toanvan.aspx?ItemID=129849&Keyword=,01/02/2018,9
Thông tư 45/2017/TT-BYT,https://vbpl.vn/boyte/Pages/vbpq-toanvan.aspx?ItemID=128966&Keyword=,01/01/2018,9
Thông tư 43/2017/TT-BYT,https://vbpl.vn/boyte/Pages/vbpq-toanvan.aspx?ItemID=141196&Keyword=,01/01/2018,9
Thông tư 39/2017/TT-BYT,https://vbpl.vn/boyte/Pages/vbpq-toanvan.aspx?ItemID=129803&Keyword=,01/12/2017,9
Thông tư 37/2017/TT-BYT,https://vbpl.vn/boyte/Pages/vbpq-toanvan.aspx?ItemID=132236&Keyword=,15/12/2017,9
Thông tư 35/2017/TT-BYT,https://vbpl.vn/boyte/Pages/vbpq-toanvan.aspx?ItemID=129068&Keyword=,05/10/2017,9
Thông tư 34/2017/TT-BYT,https://vbpl.vn/boyte/Pages/vbpq-toanvan.aspx?ItemID=132220&Keyword=,02/10/2017,9
Thông tư 33/2017/TT-BYT,https://vbpl.vn/boyte/Pages/vbpq-toanvan.aspx?ItemID=156603&Keyword=,01/10/2017,9
Thông tư 29/2017/TT-BYT,https://vbpl.vn/boyte/Pages/vbpq-toanvan.aspx?ItemID=139312&Keyword=,01/09/2017,9
Thông tư 28/2017/TT-BYT,https://vbpl.vn/boyte/Pages/vbpq-toanvan.aspx?ItemID=123258&Keyword=,15/08/2017,9
Thông tư 27/2017/TT-BYT,https://vbpl.vn/boyte/Pages/vbpq-toanvan.aspx?ItemID=129846&Keyword=,15/09/2017,9
Thông tư 26/2017/TT-BYT,https://vbpl.vn/boyte/Pages/vbpq-toanvan.aspx?ItemID=123254&Keyword=,10/08/2017,9
Thông tư 24/2017/TT-BYT,https://vbpl.vn/boyte/Pages/vbpq-toanvan.aspx?ItemID=123251&Keyword=,07/07/2017,9
Thông tư 25/2017/TT-BYT,https://vbpl.vn/boyte/Pages/vbpq-toanvan.aspx?ItemID=123252&Keyword=,01/07/2017,9
Thông tư 23/2017/TT-BYT,https://vbpl.vn/boyte/Pages/vbpq-toanvan.aspx?ItemID=156602&Keyword=,15/09/2017,9
Thông tư 22/2017/TT-BYT,https://vbpl.vn/boyte/Pages/vbpq-toanvan.aspx?ItemID=123250&Keyword=,01/07/2017,9
Thông tư 20/2017/TT-BYT,https://vbpl.vn/boyte/Pages/vbpq-toanvan.aspx?ItemID=128512&Keyword=,01/07/2017,9
Thông tư 06/2017/TT-BYT,https://vbpl.vn/boyte/Pages/vbpq-toanvan.aspx?ItemID=123247&Keyword=,01/07/2017,9
Thông tư 07/2017/TT-BYT,https://vbpl.vn/boyte/Pages/vbpq-toanvan.aspx?ItemID=123248&Keyword=,01/07/2017,9
Thông tư 05/2017/TT-BYT,https://vbpl.vn/boyte/Pages/vbpq-toanvan.aspx?ItemID=123245&Keyword=,01/06/2017,9
Thông tư 04/2017/TT-BYT,https://vbpl.vn/boyte/Pages/vbpq-toanvan.aspx?ItemID=123244&Keyword=,01/06/2017,9
Thông tư 03/2017/TT-BYT,https://vbpl.vn/boyte/Pages/vbpq-toanvan.aspx?ItemID=128268&Keyword=,01/03/2018,9
Thông tư 02/2017/TT-BYT,https://vbpl.vn/boyte/Pages/vbpq-toanvan.aspx?ItemID=123243&Keyword=,01/06/2017,9
Thông tư 01/2017/TT-BYT,https://vbpl.vn/boyte/Pages/vbpq-toanvan.aspx?ItemID=123242&Keyword=,01/05/2017,9
Thông tư 51/2016/TT-BYT,https://vbpl.vn/boyte/Pages/vbpq-toanvan.aspx?ItemID=132235&Keyword=,01/01/2017,10
Thông tư 47/2016/TT-BYT,https://vbpl.vn/boyte/Pages/vbpq-toanvan.aspx?ItemID=128118&Keyword=,01/03/2017,10
Thông tư 50/2016/TT-BYT,https://vbpl.vn/boyte/Pages/vbpq-toanvan.aspx?ItemID=131958&Keyword=,01/07/2017,10
Thông tư 46/2016/TT-BYT,https://vbpl.vn/boyte/Pages/vbpq-toanvan.aspx?ItemID=142488&Keyword=,01/03/2017,10
Thông tư 49/2016/TT-BYT,https://vbpl.vn/boyte/Pages/vbpq-toanvan.aspx?ItemID=144830&Keyword=,01/03/2017,10
Thông tư 45/2016/TT-BYT,https://vbpl.vn/boyte/Pages/vbpq-toanvan.aspx?ItemID=124271&Keyword=,06/02/2017,10
Thông tư 42/2016/TT-BYT,https://vbpl.vn/boyte/Pages/vbpq-toanvan.aspx?ItemID=129843&Keyword=,01/01/2017,10
Thông tư 41/2016/TT-BYT,https://vbpl.vn/boyte/Pages/vbpq-toanvan.aspx?ItemID=132234&Keyword=,01/01/2017,10
Thông tư 40/2016/TT-BYT,https://vbpl.vn/boyte/Pages/vbpq-toanvan.aspx?ItemID=124270&Keyword=,21/12/2016,10
Thông tư 39/2016/TT-BYT,https://vbpl.vn/boyte/Pages/vbpq-toanvan.aspx?ItemID=129842&Keyword=,15/12/2016,10
Thông tư 35/2016/TT-BYT,https://vbpl.vn/boyte/Pages/vbpq-toanvan.aspx?ItemID=115653&Keyword=,01/12/2016,10
Thông tư 33/2016/TT-BYT,https://vbpl.vn/boyte/Pages/vbpq-toanvan.aspx?ItemID=128116&Keyword=,03/11/2016,10
Thông tư 31/2016/TT-BYT,https://vbpl.vn/boyte/Pages/vbpq-toanvan.aspx?ItemID=138050&Keyword=,26/09/2016,10
Thông tư 25/2016/TT-BYT,https://vbpl.vn/boyte/Pages/vbpq-toanvan.aspx?ItemID=157085&Keyword=,01/12/2016,10
Thông tư 26/2016/TT-BYT,https://vbpl.vn/boyte/Pages/vbpq-toanvan.aspx?ItemID=157086&Keyword=,01/12/2016,10
Thông tư 27/2016/TT-BYT,https://vbpl.vn/boyte/Pages/vbpq-toanvan.aspx?ItemID=157087&Keyword=,01/12/2016,10
Thông tư 24/2016/TT-BYT,https://vbpl.vn/boyte/Pages/vbpq-toanvan.aspx?ItemID=157084&Keyword=,01/12/2016,10
Thông tư 23/2016/TT-BYT,https://vbpl.vn/boyte/Pages/vbpq-toanvan.aspx?ItemID=157080&Keyword=,01/12/2016,10
Thông tư 18/2016/TT-BYT,https://vbpl.vn/boyte/Pages/vbpq-toanvan.aspx?ItemID=115650&Keyword=,19/08/2016,10
Thông tư 21/2016/TT-BYT,https://vbpl.vn/boyte/Pages/vbpq-toanvan.aspx?ItemID=157078&Keyword=,01/12/2016,10
Thông tư 28/2016/TT-BYT,https://vbpl.vn/boyte/Pages/vbpq-toanvan.aspx?ItemID=157088&Keyword=,01/12/2016,10
Thông tư 17/2016/TT-BYT,https://vbpl.vn/boyte/Pages/vbpq-toanvan.aspx?ItemID=129679&Keyword=,15/08/2016,10
Thông tư 22/2016/TT-BYT,https://vbpl.vn/boyte/Pages/vbpq-toanvan.aspx?ItemID=157079&Keyword=,01/12/2016,10
Thông tư 19/2016/TT-BYT,https://vbpl.vn/boyte/Pages/vbpq-toanvan.aspx?ItemID=157059&Keyword=,15/08/2016,10
Thông tư 15/2016/TT-BYT,https://vbpl.vn/boyte/Pages/vbpq-toanvan.aspx?ItemID=142487&Keyword=,01/07/2016,10
Thông tư 12/2016/TT-BYT,https://vbpl.vn/boyte/Pages/vbpq-toanvan.aspx?ItemID=124269&Keyword=,01/07/2016,10
Thông tư 14/2016/TT-BYT,https://vbpl.vn/boyte/Pages/vbpq-toanvan.aspx?ItemID=123277&Keyword=,01/07/2016,10
Thông tư 11/2016/TT-BYT,https://vbpl.vn/boyte/Pages/vbpq-toanvan.aspx?ItemID=120532&Keyword=,01/07/2016,10
Thông tư 10/2016/TT-BYT,https://vbpl.vn/boyte/Pages/vbpq-toanvan.aspx?ItemID=132224&Keyword=,01/07/2016,10
Thông tư 05/2016/TT-BYT,https://vbpl.vn/boyte/Pages/vbpq-toanvan.aspx?ItemID=99130&Keyword=,01/05/2016,10
Thông tư 04/2016/TT-BYT,https://vbpl.vn/boyte/Pages/vbpq-toanvan.aspx?ItemID=98790&Keyword=,01/05/2016,11
Thông tư 03/2016/TT-BYT,https://vbpl.vn/boyte/Pages/vbpq-toanvan.aspx?ItemID=97385&Keyword=,06/03/2016,11
Thông tư 01/2016/TT-BYT,https://vbpl.vn/boyte/Pages/vbpq-toanvan.aspx?ItemID=96221&Keyword=,18/02/2016,11
Thông tư 59/2015/TT-BYT,https://vbpl.vn/boyte/Pages/vbpq-toanvan.aspx?ItemID=97367&Keyword=,15/02/2016,11
Thông tư 57/2015/TT-BYT,https://vbpl.vn/boyte/Pages/vbpq-toanvan.aspx?ItemID=97365&Keyword=,15/02/2016,11
Thông tư 55/2015/TT-BYT,https://vbpl.vn/boyte/Pages/vbpq-toanvan.aspx?ItemID=128115&Keyword=,16/02/2016,11
Thông tư 54/2015/TT-BYT,https://vbpl.vn/boyte/Pages/vbpq-toanvan.aspx?ItemID=97333&Keyword=,01/07/2016,11
Thông tư 53/2015/TT-BYT,https://vbpl.vn/boyte/Pages/vbpq-toanvan.aspx?ItemID=97258&Keyword=,01/03/2016,11
Thông tư 42/2015/TT-BYT,https://vbpl.vn/boyte/Pages/vbpq-toanvan.aspx?ItemID=97257&Keyword=,05/01/2016,11
Thông tư 50/2015/TT-BYT,https://vbpl.vn/boyte/Pages/vbpq-toanvan.aspx?ItemID=97154&Keyword=,01/03/2016,11
Thông tư 49/2015/TT-BYT,https://vbpl.vn/boyte/Pages/vbpq-toanvan.aspx?ItemID=119337&Keyword=,25/01/2016,11
Thông tư 47/2015/TT-BYT,https://vbpl.vn/boyte/Pages/vbpq-toanvan.aspx?ItemID=93633&Keyword=,01/09/2016,11
Thông tư 48/2015/TT-BYT,https://vbpl.vn/boyte/Pages/vbpq-toanvan.aspx?ItemID=94008&Keyword=,15/01/2016,11
Thông tư 46/2015/TT-BYT,https://vbpl.vn/boyte/Pages/vbpq-toanvan.aspx?ItemID=93631&Keyword=,01/09/2016,11
Thông tư 45/2015/TT-BYT,https://vbpl.vn/boyte/Pages/vbpq-toanvan.aspx?ItemID=93621&Keyword=,01/01/2016,11
Thông tư 44/2015/TT-BYT,https://vbpl.vn/boyte/Pages/vbpq-toanvan.aspx?ItemID=93610&Keyword=,01/03/2016,11
Thông tư 41/2015/TT-BYT,https://vbpl.vn/boyte/Pages/vbpq-toanvan.aspx?ItemID=98739&Keyword=,01/01/2016,11
Thông tư 39/2015/TT-BYT,https://vbpl.vn/boyte/Pages/vbpq-toanvan.aspx?ItemID=129852&Keyword=,28/12/2015,11
Thông tư 36/2015/TT-BYT,https://vbpl.vn/boyte/Pages/vbpq-toanvan.aspx?ItemID=92520&Keyword=,15/12/2015,11
Thông tư 35/2015/TT-BYT,https://vbpl.vn/boyte/Pages/vbpq-toanvan.aspx?ItemID=92636&Keyword=,01/05/2016,11
Thông tư 33/2015/TT-BYT,https://vbpl.vn/boyte/Pages/vbpq-toanvan.aspx?ItemID=92457&Keyword=,14/12/2015,11
Thông tư 34/2015/TT-BYT,https://vbpl.vn/boyte/Pages/vbpq-toanvan.aspx?ItemID=92370&Keyword=,14/12/2015,11
Thông tư 32/2015/TT-BYT,https://vbpl.vn/boyte/Pages/vbpq-toanvan.aspx?ItemID=92368&Keyword=,02/12/2015,11
Thông tư 31/2015/TT-BYT,https://vbpl.vn/boyte/Pages/vbpq-toanvan.aspx?ItemID=92361&Keyword=,01/12/2015,11
Thông tư 29/2015/TT-BYT,https://vbpl.vn/boyte/Pages/vbpq-toanvan.aspx?ItemID=87106&Keyword=,26/11/2015,11
Thông tư 30/2015/TT-BYT,https://vbpl.vn/boyte/Pages/vbpq-toanvan.aspx?ItemID=99486&Keyword=,30/11/2015,11
Thông tư 25/2015/TT-BYT,https://vbpl.vn/boyte/Pages/vbpq-toanvan.aspx?ItemID=85046&Keyword=,01/12/2015,11
Thông tư 23/2015/TT-BYT,https://vbpl.vn/boyte/Pages/vbpq-toanvan.aspx?ItemID=100212&Keyword=,01/11/2015,11
Thông tư 21/2015/TT-BYT,https://vbpl.vn/boyte/Pages/vbpq-toanvan.aspx?ItemID=77088&Keyword=,01/01/2016,11
Thông tư 20/2015/TT-BYT,https://vbpl.vn/boyte/Pages/vbpq-toanvan.aspx?ItemID=75950&Keyword=,01/01/2016,11
Thông tư 22/2015/TT-BYT,https://vbpl.vn/boyte/Pages/vbpq-toanvan.aspx?ItemID=77148&Keyword=,01/01/2016,12
Thông tư 19/2015/TT-BYT,https://vbpl.vn/boyte/Pages/vbpq-toanvan.aspx?ItemID=100211&Keyword=,01/09/2015,12
Thông tư 18/2015/TT-BYT,https://vbpl.vn/boyte/Pages/vbpq-toanvan.aspx?ItemID=75946&Keyword=,15/08/2015,12
Thông tư 15/2015/TT-BYT,https://vbpl.vn/boyte/Pages/vbpq-toanvan.aspx?ItemID=73089&Keyword=,15/08/2015,12
Thông tư 14/2015/TT-BYT,https://vbpl.vn/boyte/Pages/vbpq-toanvan.aspx?ItemID=73087&Keyword=,01/09/2015,12
Thông tư 12/2015/TT-BYT,https://vbpl.vn/boyte/Pages/vbpq-toanvan.aspx?ItemID=73082&Keyword=,01/08/2015,12
Thông tư 09/2015/TT-BYT,https://vbpl.vn/boyte/Pages/vbpq-toanvan.aspx?ItemID=67130&Keyword=,16/07/2015,12
Thông tư 08/2015/TT-BYT,https://vbpl.vn/boyte/Pages/vbpq-toanvan.aspx?ItemID=67557&Keyword=,01/07/2015,12
Thông tư 07/2015/TT-BYT,https://vbpl.vn/boyte/Pages/vbpq-toanvan.aspx?ItemID=58187&Keyword=,01/06/2015,12
Thông tư 06/2015/TT-BYT,https://vbpl.vn/boyte/Pages/vbpq-toanvan.aspx?ItemID=65747&Keyword=,15/05/2015,12
Thông tư 04/2015/TT-BYT,https://vbpl.vn/boyte/Pages/vbpq-toanvan.aspx?ItemID=65708&Keyword=,01/05/2015,12
Thông tư 05/2015/TT-BYT,https://vbpl.vn/boyte/Pages/vbpq-toanvan.aspx?ItemID=58497&Keyword=,01/05/2015,12
Thông tư 03/2015/TT-BYT,https://vbpl.vn/boyte/Pages/vbpq-toanvan.aspx?ItemID=65722&Keyword=,29/04/2015,12
Thông tư 02/2015/TT-BYT,https://vbpl.vn/boyte/Pages/vbpq-toanvan.aspx?ItemID=58474&Keyword=,01/05/2015,12
Thông tư 01/2015/TT-BYT,https://vbpl.vn/boyte/Pages/vbpq-toanvan.aspx?ItemID=65687&Keyword=,15/04/2015,12
Thông tư 51/2014/TT-BYT,https://vbpl.vn/boyte/Pages/vbpq-toanvan.aspx?ItemID=66664&Keyword=,01/03/2015,12
Thông tư 53/2014/TT-BYT,https://vbpl.vn/boyte/Pages/vbpq-toanvan.aspx?ItemID=66739&Keyword=,01/03/2015,12
Thông tư 50/2014/TT-BYT,https://vbpl.vn/boyte/Pages/vbpq-toanvan.aspx?ItemID=66661&Keyword=,15/02/2015,12
Thông tư 49/2014/TT-BYT,https://vbpl.vn/boyte/Pages/vbpq-toanvan.aspx?ItemID=66654&Keyword=,27/02/2015,12
Thông tư 47/2014/TT-BYT,https://vbpl.vn/boyte/Pages/vbpq-toanvan.aspx?ItemID=43946&Keyword=,15/02/2015,12
Thông tư 46/2014/TT-BYT,https://vbpl.vn/boyte/Pages/vbpq-toanvan.aspx?ItemID=44618&Keyword=,20/01/2015,12
Thông tư 44/2014/TT-BYT,https://vbpl.vn/boyte/Pages/vbpq-toanvan.aspx?ItemID=66591&Keyword=,15/01/2015,12
Thông tư 43/2014/TT-BYT,https://vbpl.vn/boyte/Pages/vbpq-toanvan.aspx?ItemID=44370&Keyword=,15/01/2015,12
Thông tư 40/2014/TT-BYT,https://vbpl.vn/boyte/Pages/vbpq-toanvan.aspx?ItemID=65812&Keyword=,01/01/2015,12
Thông tư 36/2014/TT-BYT,https://vbpl.vn/boyte/Pages/vbpq-toanvan.aspx?ItemID=38278&Keyword=,01/01/2015,12
Thông tư 33/2014/TT-BYT,https://vbpl.vn/boyte/Pages/vbpq-toanvan.aspx?ItemID=65760&Keyword=,01/01/2015,12
Thông tư 32/2014/TT-BYT,https://vbpl.vn/boyte/Pages/vbpq-toanvan.aspx?ItemID=37925&Keyword=,20/11/2014,12
Thông tư 30/2014/TT-BYT,https://vbpl.vn/boyte/Pages/vbpq-toanvan.aspx?ItemID=37927&Keyword=,15/10/2014,12
Thông tư 31/2014/TT-BYT,https://vbpl.vn/boyte/Pages/vbpq-toanvan.aspx?ItemID=37926&Keyword=,26/09/2014,12
Thông tư 28/2014/TT-BYT,https://vbpl.vn/boyte/Pages/vbpq-toanvan.aspx?ItemID=37933&Keyword=,01/10/2014,12
Thông tư 29/2014/TT-BYT,https://vbpl.vn/boyte/Pages/vbpq-toanvan.aspx?ItemID=37931&Keyword=,01/10/2014,13
Thông tư 27/2014/TT-BYT,https://vbpl.vn/boyte/Pages/vbpq-toanvan.aspx?ItemID=37934&Keyword=,01/10/2014,13
Thông tư 22/2014/TT-BYT,https://vbpl.vn/boyte/Pages/vbpq-toanvan.aspx?ItemID=37939&Keyword=,15/08/2014,13
Thông tư 23/2014/TT-BYT,https://vbpl.vn/boyte/Pages/vbpq-toanvan.aspx?ItemID=37938&Keyword=,15/08/2014,13
Thông tư 20/2014/TT-BYT,https://vbpl.vn/boyte/Pages/vbpq-toanvan.aspx?ItemID=36959&Keyword=,15/08/2014,13
Thông tư 17/2014/TT-BYT,https://vbpl.vn/boyte/Pages/vbpq-toanvan.aspx?ItemID=37980&Keyword=,01/08/2014,13
Thông tư 18/2014/TT-BYT,https://vbpl.vn/boyte/Pages/vbpq-toanvan.aspx?ItemID=37978&Keyword=,01/11/2014,13
Thông tư 19/2014/TT-BYT,https://vbpl.vn/boyte/Pages/vbpq-toanvan.aspx?ItemID=37973&Keyword=,15/07/2014,13
Thông tư 16/2014/TT-BYT,https://vbpl.vn/boyte/Pages/vbpq-toanvan.aspx?ItemID=38017&Keyword=,15/07/2014,13
Thông tư 15/2014/TT-BYT,https://vbpl.vn/boyte/Pages/vbpq-toanvan.aspx?ItemID=38021&Keyword=,01/07/2014,13
Thông tư 14/2014/TT-BYT,https://vbpl.vn/boyte/Pages/vbpq-toanvan.aspx?ItemID=38036&Keyword=,01/06/2014,13
Thông tư 12/2014/TT-BYT,https://vbpl.vn/boyte/Pages/vbpq-toanvan.aspx?ItemID=38054&Keyword=,01/06/2014,13
Thông tư 11/2014/TT-BYT,https://vbpl.vn/boyte/Pages/vbpq-toanvan.aspx?ItemID=38060&Keyword=,01/06/2014,13
Thông tư 08/2014/TT-BYT,https://vbpl.vn/boyte/Pages/vbpq-toanvan.aspx?ItemID=38751&Keyword=,01/05/2014,13
Thông tư 07/2014/TT-BYT,https://vbpl.vn/boyte/Pages/vbpq-toanvan.aspx?ItemID=43849&Keyword=,01/05/2014,13
Thông tư 05/2014/TT-BYT,https://vbpl.vn/boyte/Pages/vbpq-toanvan.aspx?ItemID=43873&Keyword=,01/04/2014,13
Thông tư 06/2014/TT-BYT,https://vbpl.vn/boyte/Pages/vbpq-toanvan.aspx?ItemID=43867&Keyword=,15/03/2014,13
Thông tư 04/2014/TT-BYT,https://vbpl.vn/boyte/Pages/vbpq-toanvan.aspx?ItemID=43926&Keyword=,01/04/2014,13
Thông tư 03/2014/TT-BYT,https://vbpl.vn/boyte/Pages/vbpq-toanvan.aspx?ItemID=43934&Keyword=,01/03/2014,13
Thông tư 02/2014/TT-BYT,https://vbpl.vn/boyte/Pages/vbpq-toanvan.aspx?ItemID=33575&Keyword=,01/03/2014,13
Thông tư 01/2014/TT-BYT,https://vbpl.vn/boyte/Pages/vbpq-toanvan.aspx?ItemID=33583&Keyword=,15/03/2014,13
Thông tư 46/2013/TT-BYT,https://vbpl.vn/boyte/Pages/vbpq-toanvan.aspx?ItemID=47042&Keyword=,27/02/2014,13
Thông tư 47/2013/TT-BYT,https://vbpl.vn/boyte/Pages/vbpq-toanvan.aspx?ItemID=47048&Keyword=,15/04/2014,13
Thông tư 42/2013/TT-BYT,https://vbpl.vn/boyte/Pages/vbpq-toanvan.aspx?ItemID=42143&Keyword=,15/01/2014,13
Thông tư 45/2013/TT-BYT,https://vbpl.vn/boyte/Pages/vbpq-toanvan.aspx?ItemID=47041&Keyword=,10/02/2014,13
Thông tư 44/2013/TT-BYT,https://vbpl.vn/boyte/Pages/vbpq-toanvan.aspx?ItemID=47036&Keyword=,15/02/2014,13
Thông tư 40/2013/TT-BYT,https://vbpl.vn/boyte/Pages/vbpq-toanvan.aspx?ItemID=47033&Keyword=,01/01/2014,13
Thông tư 38/2013/TT-BYT,https://vbpl.vn/boyte/Pages/vbpq-toanvan.aspx?ItemID=42160&Keyword=,01/01/2014,13
Thông tư 37/2013/TT-BYT,https://vbpl.vn/boyte/Pages/vbpq-toanvan.aspx?ItemID=47027&Keyword=,01/01/2014,13
Thông tư 39/2013/TT-BYT,https://vbpl.vn/boyte/Pages/vbpq-toanvan.aspx?ItemID=42180&Keyword=,10/12/2014,13
Thông tư 35/2013/TT-BYT,https://vbpl.vn/boyte/Pages/vbpq-toanvan.aspx?ItemID=46986&Keyword=,15/12/2013,14
Thông tư 34/2013/TT-BYT,https://vbpl.vn/boyte/Pages/vbpq-toanvan.aspx?ItemID=36997&Keyword=,15/12/2013,14
Thông tư 32/2013/TT-BYT,https://vbpl.vn/boyte/Pages/vbpq-toanvan.aspx?ItemID=46097&Keyword=,15/12/2013,14
Thông tư 31/2013/TT-BYT,https://vbpl.vn/boyte/Pages/vbpq-toanvan.aspx?ItemID=46984&Keyword=,01/12/2013,14
Thông tư 27/2013/TT-BYT,https://vbpl.vn/boyte/Pages/vbpq-toanvan.aspx?ItemID=46982&Keyword=,15/11/2013,14
Thông tư 26/2013/TT-BYT,https://vbpl.vn/boyte/Pages/vbpq-toanvan.aspx?ItemID=46980&Keyword=,15/11/2013,14
Thông tư 24/2013/TT-BYT,https://vbpl.vn/boyte/Pages/vbpq-toanvan.aspx?ItemID=46978&Keyword=,01/10/2013,14
Thông tư 23/2013/TT-BYT,https://vbpl.vn/boyte/Pages/vbpq-toanvan.aspx?ItemID=44861&Keyword=,01/10/2013,14
Thông tư 22/2013/TT-BYT,https://vbpl.vn/boyte/Pages/vbpq-toanvan.aspx?ItemID=46966&Keyword=,01/10/2013,14
Thông tư 21/2013/TT-BYT,https://vbpl.vn/boyte/Pages/vbpq-toanvan.aspx?ItemID=46964&Keyword=,22/09/2013,14
Thông tư 19/2013/TT-BYT,https://vbpl.vn/boyte/Pages/vbpq-toanvan.aspx?ItemID=46963&Keyword=,15/09/2013,14
Thông tư 18/2013/TT-BYT,https://vbpl.vn/boyte/Pages/vbpq-toanvan.aspx?ItemID=46962&Keyword=,15/08/2013,14
Thông tư 17/2013/TT-BYT,https://vbpl.vn/boyte/Pages/vbpq-toanvan.aspx?ItemID=46961&Keyword=,01/08/2013,14
Thông tư 15/2013/TT-BYT,https://vbpl.vn/boyte/Pages/vbpq-toanvan.aspx?ItemID=39762&Keyword=,01/07/2013,14
Thông tư 14/2013/TT-BYT,https://vbpl.vn/boyte/Pages/vbpq-toanvan.aspx?ItemID=46957&Keyword=,01/07/2013,14
Thông tư 13/2013/TT-BYT,https://vbpl.vn/boyte/Pages/vbpq-toanvan.aspx?ItemID=46956&Keyword=,15/06/2013,14
Thông tư 12/2013/TT-BYT,https://vbpl.vn/boyte/Pages/vbpq-toanvan.aspx?ItemID=46950&Keyword=,01/06/2013,14
Thông tư 11/2013/TT-BYT,https://vbpl.vn/boyte/Pages/vbpq-toanvan.aspx?ItemID=46949&Keyword=,23/05/2013,14
Thông tư 09/2013/TT-BYT,https://vbpl.vn/boyte/Pages/vbpq-toanvan.aspx?ItemID=46944&Keyword=,15/05/2013,14
Thông tư 10/2013/TT-BYT,https://vbpl.vn/boyte/Pages/vbpq-toanvan.aspx?ItemID=46947&Keyword=,14/05/2013,14
Thông tư 07/2013/TT-BYT,https://vbpl.vn/boyte/Pages/vbpq-toanvan.aspx?ItemID=30403&Keyword=,01/05/2013,14
Thông tư 06/2013/TT-BYT,https://vbpl.vn/boyte/Pages/vbpq-toanvan.aspx?ItemID=30353&Keyword=,01/04/2013,14
Thông tư 04/2013/TT-BYT,https://vbpl.vn/boyte/Pages/vbpq-toanvan.aspx?ItemID=46942&Keyword=,15/03/2013,14
Thông tư 03/2013/TT-BYT,https://vbpl.vn/boyte/Pages/vbpq-toanvan.aspx?ItemID=46940&Keyword=,15/03/2013,14
Thông tư 02/2013/TT-BYT,https://vbpl.vn/boyte/Pages/vbpq-toanvan.aspx?ItemID=46884&Keyword=,15/03/2013,14
Thông tư 01/2013/TT-BYT,https://vbpl.vn/boyte/Pages/vbpq-toanvan.aspx?ItemID=46883&Keyword=,15/03/2013,14
Thông tư 33/2012/TT-BYT,https://vbpl.vn/boyte/Pages/vbpq-toanvan.aspx?ItemID=71569&Keyword=,01/04/2013,14
Thông tư 32/2012/TT-BYT,https://vbpl.vn/boyte/Pages/vbpq-toanvan.aspx?ItemID=44616&Keyword=,01/02/2013,14
Thông tư 31/2012/TT-BYT,https://vbpl.vn/boyte/Pages/vbpq-toanvan.aspx?ItemID=71552&Keyword=,04/02/2013,14
Thông tư 30/2012/TT-BYT,https://vbpl.vn/boyte/Pages/vbpq-toanvan.aspx?ItemID=27981&Keyword=,20/01/2013,14
Thông tư 29/2012/TT-BYT,https://vbpl.vn/boyte/Pages/vbpq-toanvan.aspx?ItemID=44086&Keyword=,01/02/2013,15
Thông tư 28/2012/TT-BYT,https://vbpl.vn/boyte/Pages/vbpq-toanvan.aspx?ItemID=27980&Keyword=,01/01/2013,15
Thông tư 29 /2012/TT-BYT,https://vbpl.vn/boyte/Pages/vbpq-toanvan.aspx?ItemID=41130&Keyword=,04/12/2012,15
Thông tư 26/2012/TT-BYT,https://vbpl.vn/boyte/Pages/vbpq-toanvan.aspx?ItemID=28010&Keyword=,15/01/2012,15
Thông tư 27/2012/TT-BYT,https://vbpl.vn/boyte/Pages/vbpq-toanvan.aspx?ItemID=52473&Keyword=,01/02/2013,15
Thông tư 25/2012/TT-BYT,https://vbpl.vn/boyte/Pages/vbpq-toanvan.aspx?ItemID=44085&Keyword=,01/06/2013,15
Thông tư 21/2012/TT-BYT,https://vbpl.vn/boyte/Pages/vbpq-toanvan.aspx?ItemID=70816&Keyword=,01/06/2013,15
Thông tư 20/2012/TT-BYT,https://vbpl.vn/boyte/Pages/vbpq-toanvan.aspx?ItemID=70805&Keyword=,01/06/2013,15
Thông tư 23/2012/TT-BYT,https://vbpl.vn/boyte/Pages/vbpq-toanvan.aspx?ItemID=70779&Keyword=,01/06/2013,15
Thông tư 22/2012/TT-BYT,https://vbpl.vn/boyte/Pages/vbpq-toanvan.aspx?ItemID=70820&Keyword=,01/06/2013,15
Thông tư 19/2012/TT-BYT,https://vbpl.vn/boyte/Pages/vbpq-toanvan.aspx?ItemID=27884&Keyword=,25/12/2012,15
Thông tư 17/2012/TT-BYT,https://vbpl.vn/boyte/Pages/vbpq-toanvan.aspx?ItemID=27907&Keyword=,01/01/2013,15
Thông tư 16/2012/TT-BYT,https://vbpl.vn/boyte/Pages/vbpq-toanvan.aspx?ItemID=27828&Keyword=,05/12/2012,15
Thông tư 15/2012/TT-BYT,https://vbpl.vn/boyte/Pages/vbpq-toanvan.aspx?ItemID=27791&Keyword=,01/11/2012,15
Thông tư 14/2012/TT-BYT,https://vbpl.vn/boyte/Pages/vbpq-toanvan.aspx?ItemID=27799&Keyword=,15/10/2012,15
Thông tư 13/2012/TT-BYT,https://vbpl.vn/boyte/Pages/vbpq-toanvan.aspx?ItemID=27859&Keyword=,10/10/2012,15
Thông tư 12/2012/TT-BYT,https://vbpl.vn/boyte/Pages/vbpq-toanvan.aspx?ItemID=27668&Keyword=,20/08/2012,15
Thông tư 09/2012/TT-BYT,https://vbpl.vn/boyte/Pages/vbpq-toanvan.aspx?ItemID=27576&Keyword=,15/07/2012,15
Thông tư 08/2012/TT-BYT,https://vbpl.vn/boyte/Pages/vbpq-toanvan.aspx?ItemID=27609&Keyword=,01/10/2013,15
Thông tư 07/2012/TT-BYT,https://vbpl.vn/boyte/Pages/vbpq-toanvan.aspx?ItemID=27681&Keyword=,01/08/2012,15
Thông tư 06/2012/TT-BYT,https://vbpl.vn/boyte/Pages/vbpq-toanvan.aspx?ItemID=27455&Keyword=,01/07/2012,15
Thông tư 05/2012/TT-BYT,https://vbpl.vn/boyte/Pages/vbpq-toanvan.aspx?ItemID=27417&Keyword=,01/09/2012,15
Thông tư 03/2012/TT-BYT,https://vbpl.vn/boyte/Pages/vbpq-toanvan.aspx?ItemID=27303&Keyword=,20/03/2012,15
Thông tư 49/2011/TT-BYT,https://vbpl.vn/boyte/Pages/vbpq-toanvan.aspx?ItemID=27418&Keyword=,15/02/2012,15
Thông tư 47/2011/TT-BYT,https://vbpl.vn/boyte/Pages/vbpq-toanvan.aspx?ItemID=27241&Keyword=,05/02/2012,15
Thông tư 48/2011/TT-BYT,https://vbpl.vn/boyte/Pages/vbpq-toanvan.aspx?ItemID=27242&Keyword=,05/02/2012,15
Thông tư 46/2011/TT-BYT,https://vbpl.vn/boyte/Pages/vbpq-toanvan.aspx?ItemID=27240&Keyword=,05/02/2012,15
Thông tư 44/2011/TT-B YT,https://vbpl.vn/boyte/Pages/vbpq-toanvan.aspx?ItemID=27051&Keyword=,01/03/2012,15
Thông tư 43/2011/TT-BYT,https://vbpl.vn/boyte/Pages/vbpq-toanvan.aspx?ItemID=27048&Keyword=,15/01/2012,15
Thông tư 42/2011/TT-BYT,https://vbpl.vn/boyte/Pages/vbpq-toanvan.aspx?ItemID=27151&Keyword=,15/01/2012,15
Thông tư 40/2011/TT-BYT,https://vbpl.vn/boyte/Pages/vbpq-toanvan.aspx?ItemID=27082&Keyword=,01/01/2012,16
Thông tư 37/2011/TT-BYT,https://vbpl.vn/boyte/Pages/vbpq-toanvan.aspx?ItemID=27036&Keyword=,09/12/2011,16
Thông tư 35/2011/TT-BYT,https://vbpl.vn/boyte/Pages/vbpq-toanvan.aspx?ItemID=27085&Keyword=,01/12/2011,16
Thông tư 34/2011/TT-BYT,https://vbpl.vn/boyte/Pages/vbpq-toanvan.aspx?ItemID=50295&Keyword=,01/03/2012,16
Thông tư 33/2011/TT-BYT,https://vbpl.vn/boyte/Pages/vbpq-toanvan.aspx?ItemID=27013&Keyword=,30/10/2011,16
Thông tư 30/2011/TT-BYT,https://vbpl.vn/boyte/Pages/vbpq-toanvan.aspx?ItemID=26888&Keyword=,15/08/2011,16
Thông tư 29/2011/TT-BYT,https://vbpl.vn/boyte/Pages/vbpq-toanvan.aspx?ItemID=26757&Keyword=,01/01/2012,16
Thông tư 26/2011/TT-BYT,https://vbpl.vn/boyte/Pages/vbpq-toanvan.aspx?ItemID=26826&Keyword=,01/09/2011,16
Thông tư 27/2011/TT-BYT,https://vbpl.vn/boyte/Pages/vbpq-toanvan.aspx?ItemID=26861&Keyword=,01/01/2012,16
Thông tư 25/2011/TT-BYT,https://vbpl.vn/boyte/Pages/vbpq-toanvan.aspx?ItemID=26755&Keyword=,01/09/2011,16
Thông tư 23/2011/TT-BYT,https://vbpl.vn/boyte/Pages/vbpq-toanvan.aspx?ItemID=26731&Keyword=,25/07/2011,16
Thông tư 22/2011/TT-BYT,https://vbpl.vn/boyte/Pages/vbpq-toanvan.aspx?ItemID=26730&Keyword=,25/07/2011,16
Thông tư 21/2011/TT-BYT,https://vbpl.vn/boyte/Pages/vbpq-toanvan.aspx?ItemID=26647&Keyword=,01/09/2011,16
Thông tư 19/2011/TT-BYT,https://vbpl.vn/boyte/Pages/vbpq-toanvan.aspx?ItemID=26766&Keyword=,01/09/2011,16
Thông tư 18/2011/TT-BYT,https://vbpl.vn/boyte/Pages/vbpq-toanvan.aspx?ItemID=26969&Keyword=,01/12/2011,16
Thông tư 17/2011/TT-BYT,https://vbpl.vn/boyte/Pages/vbpq-toanvan.aspx?ItemID=26577&Keyword=,17/05/2011,16
Thông tư 15/2011/TT-BYT,https://vbpl.vn/boyte/Pages/vbpq-toanvan.aspx?ItemID=26617&Keyword=,10/06/2011,16
Thông tư 16/2011/TT-BYT,https://vbpl.vn/boyte/Pages/vbpq-toanvan.aspx?ItemID=26548&Keyword=,08/06/2011,16
Thông tư 14/2011/TT-BYT,https://vbpl.vn/boyte/Pages/vbpq-toanvan.aspx?ItemID=26968&Keyword=,01/06/2011,16
Thông tư 10/2011/TT-BYT,https://vbpl.vn/boyte/Pages/vbpq-toanvan.aspx?ItemID=26298&Keyword=,26/03/2011,16
Thông tư 09/2011/TT-BYT,https://vbpl.vn/boyte/Pages/vbpq-toanvan.aspx?ItemID=26160&Keyword=,15/03/2011,16
Thông tư 08/2011/TT-BYT,https://vbpl.vn/boyte/Pages/vbpq-toanvan.aspx?ItemID=26200&Keyword=,01/03/2011,16
Thông tư 07/2011/TT-BYT,https://vbpl.vn/boyte/Pages/vbpq-toanvan.aspx?ItemID=26185&Keyword=,01/03/2011,16
Thông tư 06/2011/TT-BYT,https://vbpl.vn/boyte/Pages/vbpq-toanvan.aspx?ItemID=26157&Keyword=,01/04/2011,16
Thông tư 03/2011/TT-BYT,https://vbpl.vn/boyte/Pages/vbpq-toanvan.aspx?ItemID=26965&Keyword=,01/08/2011,16
Thông tư 01/2011/TT-BYT,https://vbpl.vn/boyte/Pages/vbpq-toanvan.aspx?ItemID=26962&Keyword=,01/08/2011,16
Thông tư 04/2011/TT-BYT,https://vbpl.vn/boyte/Pages/vbpq-toanvan.aspx?ItemID=26966&Keyword=,01/08/2011,16
Thông tư 02/2011/TT-BYT,https://vbpl.vn/boyte/Pages/vbpq-toanvan.aspx?ItemID=26964&Keyword=,01/08/2011,16
Thông tư 05/2011/TT-BYT,https://vbpl.vn/boyte/Pages/vbpq-toanvan.aspx?ItemID=129662&Keyword=,01/08/2011,16
Thông tư 50/2010/TT-BYT,https://vbpl.vn/boyte/Pages/vbpq-toanvan.aspx?ItemID=26255&Keyword=,15/02/2011,16
Thông tư 49/2010/TT-BYT,https://vbpl.vn/boyte/Pages/vbpq-toanvan.aspx?ItemID=26262&Keyword=,15/02/2011,17
Thông tư 46/2010/TT-BYT,https://vbpl.vn/boyte/Pages/vbpq-toanvan.aspx?ItemID=26324&Keyword=,15/06/2011,17
Thông tư 45/2010/TT-BYT,https://vbpl.vn/boyte/Pages/vbpq-toanvan.aspx?ItemID=26470&Keyword=,01/07/2011,17
Thông tư 44/2010/TT-BYT,https://vbpl.vn/boyte/Pages/vbpq-toanvan.aspx?ItemID=129661&Keyword=,01/07/2011,17
Thông tư 43/2010/TT-BYT,https://vbpl.vn/boyte/Pages/vbpq-toanvan.aspx?ItemID=26086&Keyword=,29/01/2011,17
Thông tư 41/2010/TT-BYT,https://vbpl.vn/boyte/Pages/vbpq-toanvan.aspx?ItemID=26469&Keyword=,01/06/2011,17
Thông tư 40/2010/TT-BYT,https://vbpl.vn/boyte/Pages/vbpq-toanvan.aspx?ItemID=117178&Keyword=,01/12/2010,17
Thông tư 38/2010/TT-BYT,https://vbpl.vn/boyte/Pages/vbpq-toanvan.aspx?ItemID=25670&Keyword=,22/10/2010,17
Thông tư 37/2010/TT-BYT,https://vbpl.vn/boyte/Pages/vbpq-toanvan.aspx?ItemID=25754&Keyword=,15/10/2010,17
Thông tư 31/2010/TT-BYT,https://vbpl.vn/boyte/Pages/vbpq-toanvan.aspx?ItemID=25620&Keyword=,01/01/2011,17
Thông tư 33/2010/TT-BYT,https://vbpl.vn/boyte/Pages/vbpq-toanvan.aspx?ItemID=25622&Keyword=,01/01/2011,17
Thông tư 35/2010/TT-BYT,https://vbpl.vn/boyte/Pages/vbpq-toanvan.aspx?ItemID=25624&Keyword=,01/01/2011,17
Thông tư 34/2010/TT-BYT,https://vbpl.vn/boyte/Pages/vbpq-toanvan.aspx?ItemID=25623&Keyword=,01/01/2011,17
Thông tư 29/2010/TT-BYT,https://vbpl.vn/boyte/Pages/vbpq-toanvan.aspx?ItemID=25277&Keyword=,30/07/2010,17
Thông tư 28/2010/TT-BYT,https://vbpl.vn/boyte/Pages/vbpq-toanvan.aspx?ItemID=25575&Keyword=,01/01/2011,17
Thông tư 23/2010/TT-BYT,https://vbpl.vn/boyte/Pages/vbpq-toanvan.aspx?ItemID=25582&Keyword=,01/01/2011,17
Thông tư 17/2010/TT-BYT,https://vbpl.vn/boyte/Pages/vbpq-toanvan.aspx?ItemID=25595&Keyword=,01/01/2011,17
Thông tư 16/2010/TT-BYT,https://vbpl.vn/boyte/Pages/vbpq-toanvan.aspx?ItemID=25594&Keyword=,01/01/2011,17
Thông tư 22/2010/TT-BYT,https://vbpl.vn/boyte/Pages/vbpq-toanvan.aspx?ItemID=25581&Keyword=,01/01/2011,17
Thông tư 19/2010/TT-BYT,https://vbpl.vn/boyte/Pages/vbpq-toanvan.aspx?ItemID=25578&Keyword=,01/01/2011,17
Thông tư 27/2010/TT-BYT,https://vbpl.vn/boyte/Pages/vbpq-toanvan.aspx?ItemID=25577&Keyword=,01/01/2011,17
Thông tư 24/2010/TT-BYT,https://vbpl.vn/boyte/Pages/vbpq-toanvan.aspx?ItemID=25585&Keyword=,01/01/2011,17
Thông tư 15/2010/TT-BYT,https://vbpl.vn/boyte/Pages/vbpq-toanvan.aspx?ItemID=25593&Keyword=,01/01/2011,17
Thông tư 26/2010/TT-BYT,https://vbpl.vn/boyte/Pages/vbpq-toanvan.aspx?ItemID=25587&Keyword=,01/01/2011,17
Thông tư 20/2010/TT-BYT,https://vbpl.vn/boyte/Pages/vbpq-toanvan.aspx?ItemID=25579&Keyword=,01/01/2011,17
Thông tư 18/2010/TT-BYT,https://vbpl.vn/boyte/Pages/vbpq-toanvan.aspx?ItemID=25596&Keyword=,01/01/2011,17
Thông tư 21/2010/TT-BYT,https://vbpl.vn/boyte/Pages/vbpq-toanvan.aspx?ItemID=25580&Keyword=,01/01/2011,17
Thông tư 14/2010/TT-BYT,https://vbpl.vn/boyte/Pages/vbpq-toanvan.aspx?ItemID=25592&Keyword=,01/01/2011,17
Thông tư 25/2010/TT-BYT,https://vbpl.vn/boyte/Pages/vbpq-toanvan.aspx?ItemID=25586&Keyword=,01/01/2011,17
Thông tư 10/2010/TT-BYT,https://vbpl.vn/boyte/Pages/vbpq-toanvan.aspx?ItemID=43370&Keyword=,14/06/2010,17
Thông tư 09/2010/TT-BYT,https://vbpl.vn/boyte/Pages/vbpq-toanvan.aspx?ItemID=25261&Keyword=,01/07/2010,18
Thông tư 08/2010/TT-BYT,https://vbpl.vn/boyte/Pages/vbpq-toanvan.aspx?ItemID=25294&Keyword=,26/10/2010,18
Thông tư 07/2010/TT-BYT,https://vbpl.vn/boyte/Pages/vbpq-toanvan.aspx?ItemID=25366&Keyword=,19/05/2010,18
Thông tư 05/2010/TT-BYT,https://vbpl.vn/boyte/Pages/vbpq-toanvan.aspx?ItemID=25040&Keyword=,15/04/2010,18
Thông tư 04/2010/TT-BYT,https://vbpl.vn/boyte/Pages/vbpq-toanvan.aspx?ItemID=25086&Keyword=,29/03/2010,18
Thông tư 01/2010/TT-BYT,https://vbpl.vn/boyte/Pages/vbpq-toanvan.aspx?ItemID=24926&Keyword=,01/03/2010,18
Thông tư 20/2009/TT-BYT,https://vbpl.vn/boyte/Pages/vbpq-toanvan.aspx?ItemID=23797&Keyword=,05/01/2010,18
Thông tư 19/2009/TT-BYT,https://vbpl.vn/boyte/Pages/vbpq-toanvan.aspx?ItemID=23802&Keyword=,17/12/2009,18
Thông tư 18/2009/TT-BYT,https://vbpl.vn/boyte/Pages/vbpq-toanvan.aspx?ItemID=23703&Keyword=,01/12/2009,18
Thông tư 17/2009/TT-BYT,https://vbpl.vn/boyte/Pages/vbpq-toanvan.aspx?ItemID=23623&Keyword=,09/11/2009,18
Thông tư 16/2009/TT-BYT,https://vbpl.vn/boyte/Pages/vbpq-toanvan.aspx?ItemID=23617&Keyword=,06/11/2009,18
Thông tư 14/2009/TT-BYT,https://vbpl.vn/boyte/Pages/vbpq-toanvan.aspx?ItemID=23599&Keyword=,18/10/2009,18
Thông tư 07/2009/TT-BYT,https://vbpl.vn/boyte/Pages/vbpq-toanvan.aspx?ItemID=11726&Keyword=,14/08/2009,18
Thông tư 06/2009/TT-BYT,https://vbpl.vn/boyte/Pages/vbpq-toanvan.aspx?ItemID=11834&Keyword=,10/08/2009,18
Thông tư 05/2009/TT-BYT,https://vbpl.vn/boyte/Pages/vbpq-toanvan.aspx?ItemID=11815&Keyword=,01/12/2009,18
Thông tư 04/2009/TT-BYT,https://vbpl.vn/boyte/Pages/vbpq-toanvan.aspx?ItemID=11816&Keyword=,01/12/2009,18
Thông tư 03/2009/TT-BYT,https://vbpl.vn/boyte/Pages/vbpq-toanvan.aspx?ItemID=11869&Keyword=,16/07/2009,18
Thông tư 02/2009/TT-BYT,https://vbpl.vn/boyte/Pages/vbpq-toanvan.aspx?ItemID=11934&Keyword=,10/07/2009,18
Thông tư 06/2008/TT-BYT,https://vbpl.vn/boyte/Pages/vbpq-toanvan.aspx?ItemID=24302&Keyword=,26/06/2008,18
Thông tư 05/2008/TT-BYT,https://vbpl.vn/boyte/Pages/vbpq-toanvan.aspx?ItemID=46511&Keyword=,29/05/2008,18
Thông tư 04/2008/TT-BYT,https://vbpl.vn/boyte/Pages/vbpq-toanvan.aspx?ItemID=24328&Keyword=,30/08/2008,18
Thông tư 05/2007/TT-BYT.,https://vbpl.vn/boyte/Pages/vbpq-toanvan.aspx?ItemID=43351&Keyword=,25/03/2007,18
Thông tư 03/2007/TT-BYT,https://vbpl.vn/boyte/Pages/vbpq-toanvan.aspx?ItemID=14573&Keyword=,08/03/2007,18
Thông tư 02/2007/TT-BYT,https://vbpl.vn/boyte/Pages/vbpq-toanvan.aspx?ItemID=14517&Keyword=,28/02/2007,18
Thông tư 15/2006/TT-BYT,https://vbpl.vn/boyte/Pages/vbpq-toanvan.aspx?ItemID=14593&Keyword=,04/01/2007,18
Thông tư 12/2006/TT-BYT,https://vbpl.vn/boyte/Pages/vbpq-toanvan.aspx?ItemID=14776&Keyword=,26/12/2006,18
Thông tư 09/2006/TT-BYT,https://vbpl.vn/boyte/Pages/vbpq-toanvan.aspx?ItemID=15609&Keyword=,09/08/2006,18
Thông tư 08/2006/TT-BYT,https://vbpl.vn/boyte/Pages/vbpq-toanvan.aspx?ItemID=15841&Keyword=,09/07/2006,18
Thông tư 07/2006/TT-BYT,https://vbpl.vn/boyte/Pages/vbpq-toanvan.aspx?ItemID=15891&Keyword=,05/07/2006,18
Thông tư 05/2006/TT-BYT,https://vbpl.vn/boyte/Pages/vbpq-toanvan.aspx?ItemID=16382&Keyword=,30/04/2006,18
Thông tư 12/BYT-TT,https://vbpl.vn/boyte/Pages/vbpq-toanvan.aspx?ItemID=2485&Keyword=,26/04/1988,18
Thông tư 8/BYT-TT,https://vbpl.vn/boyte/Pages/vbpq-toanvan.aspx?ItemID=2502&Keyword=,01/04/1988,18
Thông tư 2/BYT-TT,https://vbpl.vn/boyte/Pages/vbpq-toanvan.aspx?ItemID=2534&Keyword=,01/01/1988,18
Thông tư 30/BYT-TT,https://vbpl.vn/boyte/Pages/vbpq-toanvan.aspx?ItemID=2585&Keyword=,23/12/1987,18
Thông tư 20/BYT-TT,https://vbpl.vn/boyte/Pages/vbpq-toanvan.aspx?ItemID=2633&Keyword=,01/11/1987,18
Thông tư 16-BYT/TT,https://vbpl.vn/boyte/Pages/vbpq-toanvan.aspx?ItemID=2685&Keyword=,15/07/1987,18
Thông tư 19/BYT-TT,https://vbpl.vn/boyte/Pages/vbpq-toanvan.aspx?ItemID=2874&Keyword=,09/10/1986,18
Thông tư 32/BYT-TT,https://vbpl.vn/boyte/Pages/vbpq-toanvan.aspx?ItemID=3609&Keyword=,01/08/1983,18
Thông tư 30/BYT-TT,https://vbpl.vn/boyte/Pages/vbpq-toanvan.aspx?ItemID=3610&Keyword=,29/11/1983,18
Thông tư 13/BYT-TT,https://vbpl.vn/boyte/Pages/vbpq-toanvan.aspx?ItemID=3523&Keyword=,18/04/1983,18
Thông tư 4/BYT-TT,https://vbpl.vn/boyte/Pages/vbpq-toanvan.aspx?ItemID=3655&Keyword=,06/04/1982,18
Thông tư 32/BYT-TT,https://vbpl.vn/boyte/Pages/vbpq-toanvan.aspx?ItemID=1602&Keyword=,23/08/1976,18
Thông tư 1450-BYT-TT,https://vbpl.vn/boyte/Pages/vbpq-toanvan.aspx?ItemID=86924&Keyword=,29/11/1956,18
Thông tư 14-ZY/TL,https://vbpl.vn/boyte/Pages/vbpq-toanvan.aspx?ItemID=13&Keyword=,29/09/1949,18
Thông tư 8/BYT-TT,https://vbpl.vn/boyte/Pages/vbpq-toanvan.aspx?ItemID=10340&Keyword=,02/05/1994,17
Thông tư 7/BYT-TT,https://vbpl.vn/boyte/Pages/vbpq-toanvan.aspx?ItemID=10345&Keyword=,30/04/1994,17
Thông tư 04-BYT/TT,https://vbpl.vn/boyte/Pages/vbpq-toanvan.aspx?ItemID=10031&Keyword=,02/04/1994,17
Thông tư 02-BYT/TT,https://vbpl.vn/boyte/Pages/vbpq-toanvan.aspx?ItemID=10032&Keyword=,27/01/1994,17
Thông tư 15/BYT-TT,https://vbpl.vn/boyte/Pages/vbpq-toanvan.aspx?ItemID=10447&Keyword=,21/12/1993,17
Thông tư 10/BYT-TT,https://vbpl.vn/boyte/Pages/vbpq-toanvan.aspx?ItemID=10450&Keyword=,21/06/1993,17
Thông tư 07/BYT-TT,https://vbpl.vn/boyte/Pages/vbpq-toanvan.aspx?ItemID=10452&Keyword=,24/05/1993,17
Thông tư 05/BYT-TT,https://vbpl.vn/boyte/Pages/vbpq-toanvan.aspx?ItemID=10453&Keyword=,15/05/1993,17
Thông tư 16-BYT/TT,https://vbpl.vn/boyte/Pages/vbpq-toanvan.aspx?ItemID=10832&Keyword=,15/12/1992,17
Thông tư 15-BYT/TT,https://vbpl.vn/boyte/Pages/vbpq-toanvan.aspx?ItemID=10833&Keyword=,18/11/1992,17
Thông tư 03-BYT/TT,https://vbpl.vn/boyte/Pages/vbpq-toanvan.aspx?ItemID=10852&Keyword=,28/09/1992,17
Thông tư 11-BYT/TT,https://vbpl.vn/boyte/Pages/vbpq-toanvan.aspx?ItemID=10834&Keyword=,17/09/1992,17
Thông tư 07/BYT-TT,https://vbpl.vn/boyte/Pages/vbpq-toanvan.aspx?ItemID=10835&Keyword=,07/05/1992,17
Thông tư 06-BYT/TT,https://vbpl.vn/boyte/Pages/vbpq-toanvan.aspx?ItemID=10866&Keyword=,29/04/1992,17
Thông tư 04/BYT-TT,https://vbpl.vn/boyte/Pages/vbpq-toanvan.aspx?ItemID=10851&Keyword=,27/03/1992,17
Thông tư 03-BYT/TT,https://vbpl.vn/boyte/Pages/vbpq-toanvan.aspx?ItemID=10836&Keyword=,27/03/1992,17
Thông tư 02-BYT/TT,https://vbpl.vn/boyte/Pages/vbpq-toanvan.aspx?ItemID=10837&Keyword=,12/02/1992,17
Thông tư 26-BYT/TT,https://vbpl.vn/boyte/Pages/vbpq-toanvan.aspx?ItemID=11243&Keyword=,01/11/1991,17
Thông tư 22-BYT/TT,https://vbpl.vn/boyte/Pages/vbpq-toanvan.aspx?ItemID=11245&Keyword=,14/08/1991,17
Thông tư 20-BYT/TT,https://vbpl.vn/boyte/Pages/vbpq-toanvan.aspx?ItemID=11246&Keyword=,01/04/1991,17
Thông tư 19-BYT/TT,https://vbpl.vn/boyte/Pages/vbpq-toanvan.aspx?ItemID=11247&Keyword=,12/07/1991,17
Thông tư 17-BYT/TT,https://vbpl.vn/boyte/Pages/vbpq-toanvan.aspx?ItemID=11248&Keyword=,06/06/1991,17
Thông tư 14-BYT/TT,https://vbpl.vn/boyte/Pages/vbpq-toanvan.aspx?ItemID=11250&Keyword=,03/05/1991,17
Thông tư 13-BYT/TT,https://vbpl.vn/boyte/Pages/vbpq-toanvan.aspx?ItemID=11361&Keyword=,24/04/1991,17
Thông tư 11-BYT/TT,https://vbpl.vn/boyte/Pages/vbpq-toanvan.aspx?ItemID=11251&Keyword=,23/04/1991,17
Thông tư 08-BYT/TT,https://vbpl.vn/boyte/Pages/vbpq-toanvan.aspx?ItemID=11252&Keyword=,02/04/1991,17
Thông tư 07-BYT/TT,https://vbpl.vn/boyte/Pages/vbpq-toanvan.aspx?ItemID=11253&Keyword=,30/09/1991,17
Thông tư 06/BYT-TT,https://vbpl.vn/boyte/Pages/vbpq-toanvan.aspx?ItemID=11254&Keyword=,28/02/1991,17
Thông tư 04/BYT-TT,https://vbpl.vn/boyte/Pages/vbpq-toanvan.aspx?ItemID=11255&Keyword=,12/02/1991,17
Thông tư 13/BYT-TT,https://vbpl.vn/boyte/Pages/vbpq-toanvan.aspx?ItemID=2484&Keyword=,01/01/1988,17
Thông tư 23/2005/TT-BYT,https://vbpl.vn/boyte/Pages/vbpq-toanvan.aspx?ItemID=17618&Keyword=,28/09/2005,16
Thông tư 19/2005/TT-BYT,https://vbpl.vn/boyte/Pages/vbpq-toanvan.aspx?ItemID=17969&Keyword=,16/08/2005,16
Thông tư 15/2005/TT-BYT,https://vbpl.vn/boyte/Pages/vbpq-toanvan.aspx?ItemID=18246&Keyword=,11/06/2005,16
Thông tư 10/2003/TT-BYT,https://vbpl.vn/boyte/Pages/vbpq-toanvan.aspx?ItemID=47641&Keyword=,31/12/2003,16
Thông tư 02/2003/TT-BYT,https://vbpl.vn/boyte/Pages/vbpq-toanvan.aspx?ItemID=19815&Keyword=,11/05/2003,16
Thông tư 05/2022/TT-BYT,https://vbpl.vn/boyte/Pages/vbpq-toanvan.aspx?ItemID=155154&Keyword=,01/08/2022,16
Thông tư 09/2002/TT-BYT,https://vbpl.vn/boyte/Pages/vbpq-toanvan.aspx?ItemID=39774&Keyword=,02/07/2002,16
Thông tư 07/2002/TT-BYT,https://vbpl.vn/boyte/Pages/vbpq-toanvan.aspx?ItemID=22110&Keyword=,14/06/2002,16
Thông tư 17/2001/TT-BYT,https://vbpl.vn/boyte/Pages/vbpq-toanvan.aspx?ItemID=136389&Keyword=,16/08/2001,16
Thông tư 11/2001/TT-BYT,https://vbpl.vn/boyte/Pages/vbpq-toanvan.aspx?ItemID=22662&Keyword=,21/06/2001,16
Thông tư 18/2000/TTBYT,https://vbpl.vn/boyte/Pages/vbpq-toanvan.aspx?ItemID=43354&Keyword=,17/10/2000,16
Thông tư 09/2000/TT-BYT,https://vbpl.vn/boyte/Pages/vbpq-toanvan.aspx?ItemID=4135&Keyword=,14/05/2000,16
Thông tư 07/2000/TT-BYT,https://vbpl.vn/boyte/Pages/vbpq-toanvan.aspx?ItemID=5577&Keyword=,26/04/2000,16
Thông tư 02/2000/TT-BYT,https://vbpl.vn/boyte/Pages/vbpq-toanvan.aspx?ItemID=6362&Keyword=,06/03/2000,16
Thông tư 16/1999/TT-BYT,https://vbpl.vn/boyte/Pages/vbpq-toanvan.aspx?ItemID=6424&Keyword=,09/08/1999,16
Thông tư 15/1999/TT-BYT,https://vbpl.vn/boyte/Pages/vbpq-toanvan.aspx?ItemID=6664&Keyword=,14/08/1999,16
Thông tư 09/1999/TT-BYT,https://vbpl.vn/boyte/Pages/vbpq-toanvan.aspx?ItemID=7082&Keyword=,17/05/1999,16
Thông tư 07/1999/TT-BYT,https://vbpl.vn/boyte/Pages/vbpq-toanvan.aspx?ItemID=7165&Keyword=,07/05/1999,16
Thông tư 05/1999/TT-BYT,https://vbpl.vn/boyte/Pages/vbpq-toanvan.aspx?ItemID=7162&Keyword=,11/04/1999,16
Thông tư 03/1999/TT-BYT,https://vbpl.vn/boyte/Pages/vbpq-toanvan.aspx?ItemID=7163&Keyword=,12/03/1999,16
Thông tư 04/1998/TT-BYT,https://vbpl.vn/boyte/Pages/vbpq-toanvan.aspx?ItemID=7835&Keyword=,07/04/1998,16
Thông tư 03/1998/TT-BYT,https://vbpl.vn/boyte/Pages/vbpq-toanvan.aspx?ItemID=7778&Keyword=,19/03/1998,16
Thông tư 10/BYT-TT,https://vbpl.vn/boyte/Pages/vbpq-toanvan.aspx?ItemID=8338&Keyword=,20/08/1997,16
Thông tư 09/BYT-TT,https://vbpl.vn/boyte/Pages/vbpq-toanvan.aspx?ItemID=8429&Keyword=,15/07/1997,16
Thông tư 03/BYT-TT,https://vbpl.vn/boyte/Pages/vbpq-toanvan.aspx?ItemID=8644&Keyword=,30/03/1997,16
Thông tư 04/BYT-TT,https://vbpl.vn/boyte/Pages/vbpq-toanvan.aspx?ItemID=8643&Keyword=,30/03/1997,16
Thông tư 06/BYT-TT,https://vbpl.vn/boyte/Pages/vbpq-toanvan.aspx?ItemID=9236&Keyword=,11/05/1996,16
Thông tư 13-BYT/TT,https://vbpl.vn/boyte/Pages/vbpq-toanvan.aspx?ItemID=10027&Keyword=,01/04/1993,16
Thông tư 12-BYT/TT,https://vbpl.vn/boyte/Pages/vbpq-toanvan.aspx?ItemID=10028&Keyword=,21/06/1994,16
Thông tư 09-BYT/TT,https://vbpl.vn/boyte/Pages/vbpq-toanvan.aspx?ItemID=10069&Keyword=,04/05/1994,16
