question,answer
Bảo hiểm y tế là gì?,"Bảo hiểm y tế là hình thức bảo hiểm bắt buộc được áp dụng đối với các đối tượng theo quy định của Luật BHYT để chăm sóc sức khỏe, không vì mục đích lợi nhuận do Nhà nước tổ chức thực hiện."
Cơ sở KCB BHYT ban đầu là gì?,Cơ sở KCB BHYT ban đầu là cơ sở KCB đầu tiên theo đăng ký của người tham gia BHYT và được ghi trong thẻ BHYT.
Hộ gia đình tham gia BHYT?,Hộ gia đình tham gia BHYT bao gồm toàn bộ người có tên trong sổ hộ khẩu hoặc sổ tạm trú.
Gói dịch vụ y tế cơ bản do quỹ BHYT chi trả bao gồm những gì?,"Gói dịch vụ y tế cơ bản do quỹ BHYT chi trả là những dịch vụ y tế thiết yếu để chăm sóc sức khỏe, phù hợp với khả năng chi trả của quỹ BHYT."
Nhà nước có chính sách gì đối với BHYT?,"1. Nhà nước đóng hoặc hỗ trợ tiền đóng BHYT cho người có công với cách mạng và một số nhóm đối tượng xã hội. 2. Nhà nước có chính sách ưu đãi đối với hoạt động đầu tư từ quỹ BHYT để bảo toàn và tăng trưởng quỹ. Nguồn thu của quỹ và số tiền sinh lời từ hoạt động đầu tư từ quỹ BHYT được miễn thuế. 3. Nhà nước tạo điều kiện để tổ chức, cá nhân tham gia BHYT hoặc đóng BHYT cho các nhóm đối tượng. 4. Nhà nước khuyến khích đầu tư phát triển công nghệ và phương tiện kỹ thuật tiên tiến trong quản lý BHYT."
Trách nhiệm của BHXH Việt Nam trong thực hiện BHYT?,"1. Tổ chức BHYT có chức năng thực hiện chế độ, chính sách, pháp luật về BHYT, quản lý và sử dụng quỹ BHYT. 2. Chính phủ quy định cụ thể về tổ chức, chức năng, nhiệm vụ và quyền hạn của tổ chức BHYT."
Các hành vi bị nghiêm cấm trong luật BHYT?,"1. Không đóng hoặc đóng BHYT không đầy đủ theo quy định của Luật BHYT. 2. Gian lận, giả mạo hồ sơ, thẻ BHYT. 3. Sử dụng tiền đóng BHYT, quỹ BHYT sai mục đích. 4. Cản trở, gây khó khăn hoặc làm thiệt hại đến quyền, lợi ích hợp pháp của người tham gia BHYT và của các bên liên quan đến BHYT. 5. Cố ý báo cáo sai sự thật, cung cấp sai lệch thông tin, số liệu về BHYT. 6. Lợi dụng chức vụ, quyền hạn, chuyên môn, nghiệp vụ để làm trái với quy định của pháp luật về BHYT."
Một người đồng thời thuộc nhiều đối tượng tham gia BHYT thì tham gia BHYT theo đối tượng nào?,"Trường hợp một người đồng thời thuộc nhiều đối tượng tham gia BHYT khác nhau quy định tại Điều 12 của Luật BHYT thì đóng BHYT theo đối tượng đầu tiên mà người đó được xác định theo thứ tự của các đối tượng quy định tại Điều 12 của Luật BHYT. Trường hợp Người lao động có thêm một hoặc nhiều hợp đồng lao động không xác định thời hạn hoặc hợp đồng lao động có thời hạn từ đủ 3 tháng trở lên thì đóng BHYT theo hợp đồng lao động có mức tiền lương cao nhất. Trường hợp đối tượng Người hoạt động không chuyên trách ở xã, phường, thị trấn đồng thời thuộc nhiều đối tượng tham gia BHYT khác nhau quy định tại Điều 12 của Luật BHYT thì đóng BHYT theo thứ tự như sau: do tổ chức BHXH đóng, do ngân sách nhà nước đóng, do đối tượng và Ủy ban nhân dân cấp xã đóng."
Tài khoản nộp phí là gì?,Tên đơn vị hưởng: Cục An toàn thực phẩm Số TK: 1200208026339 Tại Ngân hàng: CN Sở Giao dịch Agribank
Các Trang web cung cấp Hệ thống dịch vụ công ATTP quốc gia của Cục An toàn thực phẩm?,"Hiện nay Cục An toàn thực phẩm duy trì 3 website cung cấp Hệ thống dịch vụ công ATTP quốc gia gồm: 1. Trang web: nghidinh15.vfa.gov.vn đối với hồ sơ xin thẩm định cấp phép lưu hành, nhập khẩu, xác nhận công bố trong lĩnh vực an toàn thực phẩm; thẩm định điều kiện hành nghề, kinh doanh thuộc lĩnh vực an toàn thực phẩm 2. Trang web: xacnhanquangcao.vfa.gov.vn đối với hồ sơ xin thẩm định nội dung kịch bản phim, chương trình trên băng, đĩa, phần mềm, trên các vật liệu khác và tài liệu trong quảng cáo thực phẩm, phụ gia thực phẩm, chất hỗ trợ chế biến thuộc lĩnh vực y tế 3. Trang web: congbosanpham.vfa.gov.vn đối với hồ sơ xin thẩm định cấp phép lưu hành, nhập khẩu, xác nhận công bố đối với thuốc lá 4. Các hồ sơ khác không nằm trong danh mục thuộc Hệ thống dịch vụ công ATTP quốc gia của Cục An toàn thực phẩm phải nộp hồ sơ giấy tại Cục."
"Thời gian kiểm tra, xác nhận phí của Doanh nghiệp nộp bằng hình thức chuyển khoản ngân hàng?",Khi Doanh nghiệp nộp phí bằng hình thức chuyển khoản ngân hàng phải scan lại giấy nộp tiền và đăng lên phần xác nhận nộp phí của Hệ thống dịch vụ công ATTP quốc gia của Cục An toàn thực phẩm. Sau 3 ngày làm việc kế toán sẽ kiểm tra sổ phụ và các thông tin của Doanh nghiệp nộp phí và sẽ xác nhận phí.
Khi doanh nghiệp nộp phí bằng hình thức Keypay nhưng chưa được xác nhận mà ngân hàng vẫn trừ phí?,"Doanh nghiệp thông báo lên hệ thống Keypay yêu cầu kiểm tra: - Nếu giao dịch thành công, dịch vụ chưa thực hiện: Doanh nghiệp liên hệ với bộ phận công nghệ thông tin hỗ trợ hoặc kế toán để kiểm tra. - Nếu Giao dịch không thành công: Doanh nghiệp liên hệ Ngân hàng để thông báo hoàn trả lại tiền đã bị trừ."
Những trường hợp nào được hoàn trả lại phí đã nộp?,1. Khi doanh nghiệp nộp phí bằng hình thức Keypay hoặc chuyển khoản qua Ngân hàng trên Hệ thống dịch vụ công ATTP quốc gia của Cục An toàn thực phẩm bị trùng 02 lần. 2. Khi doanh nghiệp nộp phí không đúng nội dung quy định (Các sản phẩm không phải làm hồ sơ tại Cục nhưng Công ty không biết vẫn nộp phí).
Thời gian giải quyết hồ sơ hoàn trả phí?,"Mọi nhầm lẫn, sai sót của các cá nhân và công ty khi làm thủ tục nộp phí sẽ được Cục An toàn thực phẩm (Phòng Kế hoạch Tài chính) giải quyết trong tháng khi có đầy đủ hồ sơ, chậm nhất là trước ngày mùng 5 của tháng sau."
"Thủ tục hoàn trả phí khi nộp trùng, nộp nhầm và nộp không đúng nội dung?","Hồ sơ yêu cầu hoàn trả phí gồm: 1.Công văn trình bày rõ lý do hoàn phí. 2.Giấy nộp tiền ngân hàng bản gốc (đối với thanh toán bằng hình thức chuyển khoản ngân hàng), giao dịch thanh toán thành công (đối với thanh toán bằng hình thức Keypay) (Liên hệ Keypay qua sđt: 024.66728822/ 0983530867)."
Thủ tục lấy biên lai của các hồ sơ nộp phí hợp lệ?,"Hồ sơ yêu cầu lấy biên lai thu phí gồm: 1. Đối với hình thức nộp phí qua key pay: Sau 10 ngày làm việc, công ty nộp Thông báo thu phí, điền đầy đủ thông tin theo mẫu (tải mẫu trên trang web: nghidinh15.vfa.gov.vn ) và đóng dấu của công ty trên Thông báo thu phí. 2. Đối với hình thức nộp phí qua chuyển khoản ngân hàng: Sau 3 ngày làm việc, công ty nộp Thông báo thu phí điền đầy đủ thông tin theo mẫu (tải mẫu trên trang web: nghidinh15.vfa.gov.vn ) và giấy nộp tiền bản gốc của Ngân hàng (đối với hồ sơ là giấy chứng nhận HC hoặc CFS thì phải có kết quả phô tô ). Công ty phải hoàn toàn chịu trách nhiệm đối với các thông tin kê khai trong thông báo thu phí."
Cơ sở y tế muốn được đánh giá năng lực thực hiện xét nghiệm thì liên hệ với đơn vị nào?,"Theo quy định tại khoản 4 Điều 17 Nghị định số 155/ cơ sở y tế muốn được đánh giá năng lực thực hiện xét nghiệm thì cần liên hệ với cơ sở xét nghiệm HIV được Bộ Y tế công nhận. Hiện nay cơ sở y tế được Bộ Y tế công nhận là Phòng xét nghiệm tham chiếu quốc gia về xét nghiệm HIV tại Khoa HIV/AIDS, Viện Vệ sinh dịch tễ Trung ương và Khoa Xét nghiệm Sinh học lâm sàng, Viện Pasteur Thành phố Hồ Chí Minh."
"Thế nào là chứng chỉ hành nghề khám bệnh, chữa bệnh ?","Khoản 4 Điều 2 Luật Khám bệnh, chữa bệnh quy định chứng chỉ hành nghề khám bệnh, chữa bệnh là văn bản do cơ quan nhà nước có thẩm quyền cấp cho người có đủ điều kiện hành nghề theo quy định của Luật Khám bệnh, chữa bệnh."
Chứng chỉ hành nghề có thời hạn bao nhiêu năm và có giá trị như thế nào ?,"Khoản 2 Điều 25 Luật Khám bệnh, chữa bệnh quy định chứng chỉ hành nghề được cấp một lần và có giá trị trong phạm vi cả nước, không qui định thời hạn."
Việc thừa nhận chứng chỉ hành nghề giữa các nước như thế nào ?,"Điều 22 Luật Khám bệnh, chữa bệnh quy định: Việc thừa nhận chứng chỉ hành nghề khám bệnh, chữa bệnh giữa các nước được thực hiện theo quy định của thỏa thuận quốc tế hoặc điều ước quốc tế mà Cộng hòa xã hội chủ nghĩa Việt Nam là thành viên."
"Ai được gọi là người hành nghề khám bệnh, chữa bệnh ?","Khoản 6 Điều 2 Luật Khám bệnh, chữa bệnh quy định, người hành nghề khám bệnh, chữa bệnh là người đã được cấp chứng chỉ hành nghề và thực hiện khám bệnh, chữa bệnh."
Những người như thế nào thì được gọi là lương y? xin thẩm định lần tiếp theo?,"Khoản 8 Điều 2 Luật Khám bệnh, chữa bệnh quy định: Lương y là người có hiểu biết về lý luận y dược học cổ truyền, có kinh nghiệm khám bệnh, chữa bệnh bằng phương pháp y dược học cổ truyền có dùng thuốc hoặc không dùng thuốc được Bộ Y tế hoặc Sở Y tế công nhận sau khi có ý kiến của Hội đồng y trung ương hoặc Hội đông y cấp tỉnh."
"Nguyên tắc trong hành nghề khám bệnh, chữa bệnh bao gồm những nội dung gì?","Điều 3 Luật Khám bệnh, chữa bệnh quy định nguyên tắc trong hành nghề khám bệnh, chữa bệnh bao gồm các nội dung sau: 1. Bình đẳng, công bằng và không kỳ thị, phân biệt đối xử đối với người bệnh. 2. Tôn trọng quyền của người bệnh; giữ bí mật thông tin về tình trạng sức khỏe và đời tư được ghi trong hồ sơ bệnh án, trừ trường hợp quy định tại khoản 2 Điều 8, khoản 1 Điều 11 và khoản 4 Điều 59 của Luật Khám bệnh, chữa bệnh. 3. Kịp thời và tuân thủ đúng quy định chuyên môn kỹ thuật 4. Ưu tiên khám bệnh, chữa bệnh đối với trường hợp cấp cứu, trẻ em dưới 6 tuổi, người khuyết tật nặng, người từ đủ 80 tuổi trở lên, người có công với cách mạng, phụ nữ có thai. 5. Bảo đảm đạo đức nghề nghiệp của người hành nghề. 6. Tôn trọng, hợp tác và bảo vệ người hành nghề khi làm nhiệm vụ."
"Các hành vi nào bị cấm trong khám bệnh, chữa bệnh?","Điều 6 Luật Khám bệnh, chữa bệnh quy định các hành vi sau đây bị cấm trong khám bệnh, chữa bệnh: 1. Từ chối hoặc cố ý chậm cấp cứu người bệnh. 2. Khám bệnh, chữa bệnh không có chứng chỉ hành nghề hoặc đang trong thời gian bị đình chỉ hành nghề; cung cấp dịch vụ khám bệnh, chữa bệnh mà không có giấy phép hoạt động hoặc đang trong thời gian bị đình chỉ hoạt động. 3. Hành nghề khám bệnh, chữa bệnh, cung cấp dịch vụ khám bệnh, chữa bệnh vượt quá phạm vi hoạt động chuyên môn được ghi trong chứng chỉ hành nghề, giấy phép hoạt động, trừ trường hợp cấp cứu. 4. Thuê, mượn, cho thuê, cho mượn chứng chỉ hành nghề hoặc giấy phép hoạt động. 5. Người hành nghề bán thuốc cho người bệnh dưới mọi hình thức, trừ bác sỹ đông y, y sỹ đông y, lương y và người có bài thuốc gia truyền. 6. Áp dụng phương pháp chuyên môn kỹ thuật y tế chưa được công nhận, sử dụng thuốc ch"
"Những đối tượng nào được cấp chứng chỉ hành nghề khám bệnh, chữa bệnh?","Điều 17 Luật Khám bệnh, chữa bệnh quy định những đối tượng sau đây được cấp chứng chỉ hành nghề nếu có đủ điều kiện theo quy định của pháp luật: 1. Bác sỹ, y sỹ. 2. Điều dưỡng viên. 3. Hộ sinh viên. 4. Kỹ thuật viên. 5. Lương y. 6. Người có bài thuốc gia truyền hoặc có phương pháp chữa bệnh gia truyền. Dược sỹ trình độ đại học, cử nhân sinh học, cử nhân hóa học, và phải kèm theo chứng chỉ hoặc giấy chứng nhận đào tạo chuyên ngành kỹ thuật y học về xét nghiệm với thời gian đào tạo ít nhất là 3 tháng hoặc văn bằng đào tạo sau đại học về chuyên khoa xét nghiệm sẽ được cấp chứng chỉ hành nghề với văn bằng chuyên môn là kỹ thuật viên (Căn cứ điều điểm c, khoản 2 điều 5 Nghị định 109/2016/NĐ-CP ngày 1/7/2016 của Chính phủ quy định cấp chứng chỉ hành nghề đối với người hành nghề và cấp giấy phép hoạt động đối với cơ sở khám bệnh, chữa bệnh; Chú thích 6 Mẫu 01, Chú thích 8 Mẫ"
Bộ Y tế có cấp giấy phép xuất khẩu mẫu bệnh phẩm không?,"Ngày 12/11/2018, Chính phủ ban hành Nghị định số 155/2018/NĐ-CP về việc sửa đổi, bổ sung một số quy định liên quan đến điều kiện đầu tư kinh doanh thuộc phạm vi quản lý Nhà nước của Bộ Y tế. Nghị định có hiệu lực từ ngày 12/11/2018, theo đó Bộ Y tế sẽ không thực hiện cấp giấy phép xuất khẩu mẫu bệnh phẩm."
Điều kiện của cơ sở an toàn sinh học cấp I là gì?,"Điều kiện của cơ sở an toàn sinh học cấp I theo quy định tại Khoản 1, Điều 14, Nghị định số 155/2018/NĐ-CP ngày 12/11/2018 của Chính phủ về việc sửa đổi, bổ sung một số quy định liên quan đến điều kiện đầu tư kinh doanh thuộc phạm vi quản lý Nhà nước của Bộ Y tế và Điều 5, Nghị định số 103/2016/NĐ-CP ngày 01/7/2016 của Chính phủ quy định về đảm bảo an toàn sinh học tại phòng xét nghiệm, quy định khu vực xét nghiệm phải đáp ứng các điều kiện sau: 1. Điều kiện về cơ sở vật chất: Có dụng cụ rửa mắt khẩn cấp, hộp sơ cứu; 2. Điều kiện về trang thiết bị: a) Các thiết bị xét nghiệm phù hợp với kỹ thuật và mẫu bệnh phẩm hoặc vi sinh vật được xét nghiệm; b) Các trang thiết bị bảo hộ cá nhân phù hợp với loại kỹ thuật xét nghiệm thực hiện tại cơ sở xét nghiệm an toàn sinh học cấp I. 3. Điều kiện về nhân sự: a) Số lượng nhân viên: Có ít nhất 02 nhân viên xét nghiệm. Nhân viên trực tiếp thực hiện xét nghiệm vi sinh vật (sau đây gọi tắt là nhân viên xét nghiệm) phải có văn bằng, chứng chỉ đào tạo phù hợp với loại hình xét nghiệm mà cơ sở đó thực hiện; c) Nhân viên xét nghiệm, người chịu trách nhiệm về an toàn sinh học phải được tập huấn về an toàn sinh học từ cấp I trở lên; 4. Điều kiện về quy định th"
Điều kiện của cơ sở an toàn sinh học cấp II là gì?,"Điều kiện của cơ sở an toàn sinh học cấp II theo quy định tại Khoản 1, Điều 14, Nghị định số 155/2018/NĐ-CP ngày 12/11/2018 của Chính phủ về việc sửa đổi, bổ sung một số quy định liên quan đến điều kiện đầu tư kinh doanh thuộc phạm vi quản lý Nhà nước của Bộ Y tế và Điều 6, Nghị định số 103/2016/NĐ-CP ngày 01/7/2016 của Chính phủ quy định về đảm bảo an toàn sinh học tại phòng xét nghiệm, quy định khu vực xét nghiệm phải đáp ứng các điều kiện sau: 1. Điều kiện về cơ sở vật chất: a) Các điều kiện quy định tại khoản 1 Điều 5 Nghị định số 103/2016/NĐ-CP; b) Có hệ thống thu gom, xử lý hoặc trang thiết bị xử lý nước thải. Đối với cơ sở xét nghiệm đang hoạt động trước ngày Nghị định này có hiệu lực thi hành phải có kết quả xét nghiệm nước thải đạt quy chuẩn kỹ thuật quốc gia về môi trường trước khi thải vào nơi chứa nước thải chung; c) Có biển báo nguy hiểm sinh học trên cửa ra vào của khu vực xét nghiệm theo Mẫu số 01 tại Phụ lục ban hành kèm theo Nghị định số 103/2016/NĐ-CP; 2. Điều kiện về trang thiết bị: a) Các điều kiện về trang thiết bị quy định tại điểm a, điểm b khoản 2 Điều 5 Nghị định số 103/2016/NĐ-CP; b) Có tủ an toàn sinh học; c) Có thiết bị hấp chất thải y tế lây nhiễm hoặc thiết bị kh"
Điều kiện của cơ sở an toàn sinh học cấp III là gì?,"Điều kiện của cơ sở an toàn sinh học cấp III theo quy định tại Khoản 1, Điều 14, Nghị định số 155/2018/NĐ-CP ngày 12/11/2018 của Chính phủ về việc sửa đổi, bổ sung một số quy định liên quan đến điều kiện đầu tư kinh doanh thuộc phạm vi quản lý Nhà nước của Bộ Y tế và Điều 7, Nghị định số 103/2016/NĐ-CP ngày 01/7/2016 của Chính phủ quy định về đảm bảo an toàn sinh học tại phòng xét nghiệm, quy định khu vực xét nghiệm phải đáp ứng các điều kiện sau: 1. Điều kiện về cơ sở vật chất: a) Có phòng thực hiện xét nghiệm và phòng đệm; b) Các Điều kiện quy định tại Điểm a, Điểm b và Điểm d Khoản 1 Điều 6 Nghị định số 103/2016/NĐ-CP ngày 01/7/2016; c) Riêng biệt với các phòng xét nghiệm và khu vực khác của cơ sở xét nghiệm; d) Phòng xét nghiệm phải kín để bảo đảm tiệt trùng; đ) Hệ thống cửa ra vào khu vực xét nghiệm phải bảo đảm trong Điều kiện bình thường chỉ mở được cửa phòng đệm hoặc cửa khu vực xét nghiệm trong một thời Điểm; e) Phòng xét nghiệm có ô kính trong suốt hoặc thiết bị quan sát bên trong khu vực xét nghiệm từ bên ngoài; g) Hệ thống thông khí phải thiết kế theo nguyên tắc một chiều; không khí ra khỏi khu vực xét nghiệm phải qua bộ lọc không khí hiệu suất lọc cao; h) Có hệ thống báo động khi áp suất củ"
Trình tự thực hiện tự công bố cơ sở đủ điều kiện tiêm chủng như thế nào?,"Trình tự thực hiện tự công bố cơ sở đủ điều kiện tiêm chủng thực hiện theo quy định tại Điều 13, Nghị định số 104/2016/NĐ-CP ngày 01/7/2016, cụ thể - Trước khi thực hiện hoạt động tiêm chủng, cơ sở tiêm chủng phải gửi văn bản thông báo đủ điều kiện tiêm chủng theo mẫu tại Phụ lục I ban hành kèm theo Nghị định số 104/2016/NĐ-CP ngày 01/7/2016 cho Sở Y tế nơi cơ sở tiêm chủng đặt trụ sở. - Trong thời hạn 03 ngày làm việc, kể từ ngày nhận được thông báo đủ điều kiện tiêm chủng, Sở Y tế phải đăng tải thông tin về tên, địa chỉ, người đứng đầu cơ sở đã công bố đủ điều kiện tiêm chủng trên Trang thông tin điện tử của Sở Y tế (thời điểm tính ngày phải công bố thông tin được xác định theo dấu công văn đến của Sở Y tế)."
Cơ sở có được xin phép đề xuất nhập khẩu vị thuốc cổ truyền trong đơn hàng nhập khẩu hay không?,"Theo quy định tại Thông tư số 21/2018/TT-BYT, vị thuốc cổ truyền phải thực hiện đăng ký lưu hành. Vì vậy chỉ dược liệu được cấp phép nhập khẩu trong đơn hàng."
Hồ sơ đề nghị bổ nhiệm gồm những giấy tờ nào,"Hồ sơ bổ nhiệm Giám định viên pháp y và Giám định viên Pháp y tâm thần được quy định tại Điều 3, Thông tư số 02/2014/TT-BYT ngày 15/02/2014 của Bộ Y tế như sau: 1. Văn bản đề nghị bổ nhiệm giám định viên pháp y, giám định viên pháp y tâm thần và danh sách trích ngang theo mẫu quy định tại Phụ lục số 1 ban hành kèm theo Thông tư này; 2. Bản sao chứng thực các văn bằng, chứng chỉ theo tiêu chuẩn bổ nhiệm giám định viên pháp y, giám định viên pháp y tâm thần; 3. Bản sơ yếu lý lịch tự thuật theo mẫu quy định tại Phụ lục số 2 ban hành kèm theo Thông tư này, có dán ảnh màu 4cm x 6cm chụp trước thời gian nộp hồ sơ không quá 06 tháng, đóng dấu giáp lai và xác nhận của cơ quan nhà nước có thẩm quyền; 4. Phiếu lý lịch tư pháp; 5. Giấy xác nhận về thời gian thực tế hoạt động chuyên môn của cơ quan, tổ chức nơi người được đề nghị bổ nhiệm làm việc theo mẫu quy định tại Phụ lục số 3 ban hành kèm theo Thông tư này."
"Chiến trường B, C, K là chiến trường gì?","Chiến trường B, C, K là: chiến trường miền Nam (B), chiến trường Lào (C), chiến trường Campuchia (K) trong thời kỳ chống Mỹ cứu nước."
"Kinh phí hoạt động xét tặng TTND, TTUT được Thủ trưởng đơn vị bố trí từ nguồn nào của đơn vị?","Theo Điều 8 Nghị định 41/2015/NĐ-CP Thủ trưởng đơn vị có trách nhiệm bố trí kinh phí hoạt động xét tặng danh hiệu TTND-TTUT trích từ quỹ thi đua, khen thưởng của đơn vị hoặc nguồn xã hội hóa hợp pháp."
Đối tượng hưởng chính sách hỗ trợ sinh con đúng chính sách dân số gồm những ai?,"Điều 1 Nghị định số 39/2015/NĐ-CP ngày 27/5/2015 của Chính phủ quy định chính sách hỗ trợ cho phụ nữ thuộc hộ nghèo là người dân tộc thiểu số khi sinh con đúng chính sách dân số, quy định: Phụ nữ là người dân tộc thiểu số hoặc phụ nữ là người Kinh có chồng là người dân tộc thiểu số thuộc hộ nghèo, cư trú tại các đơn vị hành chính thuộc vùng khó khăn (trừ các đối tượng tham gia bảo hiểm xã hội bắt buộc) khi sinh con thuộc một trong các trường hợp sau đây: 1. Sinh một hoặc hai con; 2. Sinh con thứ ba, nếu cả hai vợ chồng hoặc một trong hai người thuộc dân tộc có số dân dưới 10.000 người hoặc thuộc dân tộc có nguy cơ suy giảm số dân (tỷ lệ sinh nhỏ hơn hoặc bằng tỷ lệ chết) theo công bố chính thức của Bộ Kế hoạch và Đầu tư; 3. Sinh lần thứ nhất mà sinh ba con trở lên; 4. Đã có một con đẻ, nhưng sinh lần thứ hai mà sinh hai con trở lên; 5. Sinh lần thứ ba trở lên, nếu tại thời điểm sinh chỉ có một con đẻ còn sống, kể cả con đẻ đã cho làm con nuôi; 6. S"
Định mức hỗ trợ cho đối tượng sinh con đúng chính sách dân số là bao nhiêu?,"Theo quy định tại Khoản 1 Điều 2 Nghị định số 39/2015/NĐ-CP của Chính phủ quy định chính sách hỗ trợ cho phụ nữ thuộc hộ nghèo là người dân tộc thiểu số khi sinh con đúng chính sách dân số, quy định định mức hỗ trợ là hai triệu đồng/người (2.000.000đ/người)."
Hồ sơ xét hưởng chính sách hỗ trợ sinh con đúng chính sách dân số gồm những giấy tờ gì?,"- Tại khoản 2 Điều 1 Thông tư số 45/2018/TT-BYT, có hiệu lực kể từ ngày 01 tháng 03 năm 2019, sửa đổi bổ sung Thông tư liên tịch số 07/2016/TTLT-BYT-BTC-BLĐTBXH quy định chi tiết Nghị định số 39/2015/NĐ-CP của Chính phủ quy định chính sách hỗ trợ cho phụ nữ thuộc hộ nghèo là người dân tộc thiểu số khi sinh con đúng chính sách dân số là: 1. Tờ khai đề nghị hỗ trợ kinh phí sinh con đúng chính sách dân số của đối tượng hưởng chính sách hỗ trợ theo Mẫu số 1a ban hành kèm theo Thông tư này đối với đối tượng có số định danh cá nhân và Mẫu số 1b ban hành kèm theo Thông tư này đối với đối tượng chưa có số định danh cá nhân. Thân nhân trực tiếp của đối tượng hưởng chính sách hỗ trợ thực hiện kê khai trong trường hợp đối tượng hưởng chính sách hỗ trợ không biết chữ, sức khỏe yếu, không tự khai được. -Và tại khoản 2 Điều 4 của Thông tư liên tịch số07/2016/TTLT-BYT-BTC-LĐTBXH và của Bộ Y tế, Bộ Tài chính, Bộ Lao động-Thương binh và Xã hội quy định chi tiết Nghị định số 39/2015/NĐ-CP ngày 27/5/2015 của Chính phủ quy định chính sách hỗ trợ cho phụ nữ thuộc hộ nghèo là người dân tộc thiểu số khi sinh con đún"
Tôi muốn nhập khẩu sản phẩm diệt côn trùng trong nhà thì phải làm thủ tục gì?,"Nếu sản phẩm diệt côn trùng mà công ty muốn nhập khẩu đã được cho phép bán tự do tại nước sản xuất hoặc một nước khác là thành viên của Tổ chức Thương mại thế giới, công ty có thể thực hiện đăng ký lưu hành để nhập khẩu và bán tại Việt Nam. Sau khi được Cục Quản lý môi trường y tế - Bộ Y tế cấp số đăng ký lưu hành cho chế phẩm đó, công ty được phép nhập khẩu không hạn chế số lượng, thủ tục làm tại Hải quan, không phải xin phép nhập khẩu tại Bộ Y tế. Thủ tục đăng ký lưu hành mới chế phẩm nhập khẩu được quy định tại Nghị định số 91/2016/NĐ-CP ngày 01/7/2016 và Nghị định số 155/2018/NĐ-CP ngày 12/11/2018 của Chính phủ."
Tôi muốn mở nhà thuốc tư nhân tôi cần thực hiện những thủ tục nào?,Thực hiện thủ tục đề nghị cấp Giấy chứng nhận đủ điều kiện kinh doanh dược. Thủ tục số 01 tại Quyết định số 5229/QĐ-BYT ngày 29/8/2018
Tôi muốn mở nhà thuốc tôi cần giấy tờ gì?,"- Đơn đề nghị cấp Giấy chứng nhận đủ điều kiện kinh doanh dược theo Mẫu số 19 Phụ lục I của Nghị định số 54/2017/NĐ-CP; 2. Tài liệu kỹ thuật về địa điểm, khu vực bảo quản, trang thiết bị bảo quản, tài liệu chuyên môn kỹ thuật và nhân sự đáp ứng Thực hành tốt cơ sở bán lẻ thuốc; 3. Bản sao có chứng thực Giấy chứng nhận đăng ký doanh nghiệp hoặc tài liệu pháp lý chứng minh việc thành lập cơ sở; 4. Bản sao có chứng thực Chứng chỉ hành nghề dược."
"Tôi nộp hồ sơ đăng ký mở nhà thuốc, quầy thuốc tại đâu?","Bạn nộp hồ sơ tại bộ phận một cửa của Sở Y tế tỉnh, thành phố trực thuộc Trung ương. Một số tỉnh, thành phố tiếp nhận hồ sơ tại bộ phận một cửa của Ủy ban nhân dân tỉnh, thành phố trực thuộc Trung ương."
"Sau khi được nộp hồ sơ, bao nhiêu lâu thì Sở Y tế sẽ tổ chức đánh giá","Trong thời hạn 20 ngày kể từ ngày nộp đủ hồ sơ hợp lệ, SYT sẽ tổ chức đánh giá"
Điều kiện về nhân viên giúp việc nhà thuốc là gì?,"- Từ 01/01/2020, người trực tiếp bán lẻ thuốc phải có văn bằng chuyên môn dược từ trung cấp dược trở lên. Tất cả các nhân viên phải không đang trong thời gian bị kỷ luật từ hình thức cảnh cáo trở lên có liên quan đến chuyên môn y, dược."
Bằng cấp chuyên môn và kinh nghiệm của nhân viên trực tiếp tham gia bán thuốc là như thế nào,"Tại thời điểm hiên nay, người trực tiếp bán lẻ thuốc phải có văn bằng chuyên môn dược từ sơ cấp dược trở lên"
Cơ quan nào có thẩm quyền cấp số tiếp nhận Phiếu công bố sản phẩm mỹ phẩm nhập khẩu?,Cục Quản lý Dược - Bộ Y tế là cơ quan có thẩm quyền cấp số tiếp nhận Phiếu công bố sản phẩm mỹ phẩm nhập khẩu.
Tôi có thể nộp hồ sơ công bố mỹ phẩm nhập khẩu và nhận kết quả ở đâu?,"TTHC này đã triển khai dịch vụ công trực tuyến cấp độ 4 và kết nối theo cơ chế Một cửa Quốc gia. Tổ chức, cá nhân chịu trách nhiệm đưa sản phẩm ra thị trường nộp hồ sơ công bố mỹ phẩm nhập khẩu và nhận kết quả trực tuyến tại Cổng Thông tin Một cửa Quốc gia (http://vnsw.gov.vn)"
Phí công bố mỹ phẩm là bao nhiêu?,"Theo quy định tại Thông tư số 277/2016/TT-BTC ngày 14/11/2016 của Bộ Tài chính về việc quy định mức thu, chế độ thu, nộp, quản lý và sử dụng phí trong lĩnh vực dược, mỹ phẩm, Phí thẩm định công bố sản phẩm mỹ phẩm là 500.000đ (Năm trăm nghìn đồng)/Phiếu công bố."
Làm thế nào để phân loại đâu là một sản phẩm mỹ phẩm?,"- Theo Hiệp định mỹ phẩm ASEAN và Thông tư số 06/2011/TT-BYT ngày 25/01/2011 của Bộ Y tế quy định về quản lý mỹ phẩm, mỹ phẩm được phân loại thành 20 nhóm sản phẩm được quy định cụ thể tại Mục 2 (dạng sản phẩm) của Phụ lục số 01-MP của Thông tư. - Tiêu chí để phân loại sản phẩm mỹ phẩm dựa vào tính năng, mục đích sử dụng, thành phần công thức, đường dùng của sản phẩm và định nghĩa về mỹ phẩm quy định tại Khoản 1 Điều 2 Thông tư số 06/2011/TT-BYT ngày 25/01/2011. Việc đánh giá công bố tính năng sản phẩm (nêu ở phần mục đích sử dụng cũng như tên sản phẩm) không thể tách rời với việc xem xét một sản phẩm có phải là sản phẩm mỹ phẩm hay không. Tính năng, mục đích sử dụng sản phẩm mỹ phẩm phải đáp ứng Hướng dẫn của ASEAN về công bố tính năng của sản phẩm mỹ phẩm (Phụ lục số 03-MP của Thông tư số 06/2011/TT-BYT). Thành phần công thức sản phẩm mỹ phẩm phải đáp ứng các Phụ lục của Hiệp định mỹ phẩm ASEAN. Lưu ý: thành phần có nguồn gốc từ con người không được phép sử dụng trong mỹ phẩm. - Đặc tí"
Tôi muốn sản xuất mỹ phẩm thì cần điều kiện gì?,"Cơ sở sản xuất mỹ phẩm hoạt động được khi có Giấy chứng nhận đủ điều kiện sản xuất mỹ phẩm theo quy định tại Nghị định 93/2016/NĐ-CP ngày 01/7/2016 của Chính phủ quy định về điều kiện sản xuất mỹ phẩm. Theo đó, Cơ sở sản xuất mỹ phẩm phải đáp ứng các điều kiện như sau: 1. Điều kiện về nhân sự: Người phụ trách sản xuất của cơ sở phải có kiến thức chuyên môn về một trong các chuyên ngành sau: Hóa học, sinh học, dược học hoặc các chuyên ngành khác có liên quan đáp ứng yêu cầu của công việc. 2. Điều kiện về cơ sở vật chất: - Có địa điểm, diện tích, nhà xưởng, trang thiết bị đáp ứng với yêu cầu về dây chuyền sản xuất, loại sản phẩm mỹ phẩm mà cơ sở đó dự kiến sản xuất như đã nêu trong hồ sơ đề nghị cấp Giấy chứng nhận đủ điều kiện sản xuất mỹ phẩm; - Kho bảo quản nguyên liệu, vật liệu đóng gói và thành phẩm phải bảo đảm có sự tách biệt giữa nguyên liệu, vật liệu đóng gói và thành phẩm; có khu vực riêng để bảo quản các chất dễ cháy nổ, các chất độc tính cao, nguyên, vật liệu và sản phẩm bị loại, bị thu hồi v"
Phí/ Lệ phí của thủ tục xin cấp Giấy chứng nhận đủ điều kiện sản xuất mỹ phẩm là bao nhiêu?,"Theo quy định tại Thông tư số 277/2016/TT-BTC ngày 14/11/2016 của Bộ Tài chính về việc quy định mức thu, chế độ thu, nộp, quản lý và sử dụng phí trong lĩnh vực dược, mỹ phẩm, Phí thẩm định điều kiện sản xuất mỹ phẩm cấp Giấy chứng nhận đủ điều kiện sản xuất mỹ phẩm là 6.000.000đ (Sáu triệu đồng)/ Cơ sở."
"Ai tổ chức thực hiện, thanh toán chi phí khám bệnh, chữa bệnh bảo hiểm y tế?","Bảo hiểm xã hội Việt Nam tổ chức thực hiện, thanh toán chi phí khám bệnh, chữa bệnh bảo hiểm y tế theo quy định của pháp luật về bảo hiểm y tế và Thông tư số 35/2016/TT-BYT."
"Cơ quan nào thừa nhận giấy phép hành nghề khám bệnh, chữa bệnh y học cổ truyền do cơ quan, tổ chức có thẩm quyền của nước ngoài cấp?","Bộ Y tế thừa nhận giấy phép hành nghề khám bệnh, chữa bệnh y học cổ truyền do cơ quan, tổ chức có thẩm quyền của nước ngoài cấp."
"Tóm tắt trách nhiệm của cơ sở khám bệnh, chữa bệnh trong thực hiện bảo hiểm y tế theo quy định của Thông tư số 35/2016/TT-BYT?","Cơ sở khám bệnh, chữa bệnh có trách nhiệm chỉ định và cung cấp đầy đủ dịch vụ kỹ thuật y tế bảo đảm quyền lợi của người tham gia bảo hiểm y tế, theo quy định của pháp luật về bảo hiểm y tế và Thông tư số 35/2016/TT-BYT."
"Theo quy định của Thông tư số 35/2016/TT-BYT, tổ chức nào có trách nhiệm hướng dẫn và triển khai thực hiện các văn bản pháp luật, chiến lược, quy hoạch, kế hoạch, chính sách, chương trình, dự án quan trọng của lĩnh vực Bảo hiểm y tế?","Bộ Y tế có trách nhiệm hướng dẫn và triển khai thực hiện các văn bản pháp luật, chiến lược, quy hoạch, kế hoạch, chính sách, chương trình, dự án quan trọng của lĩnh vực Bảo hiểm y tế."
"Bộ Y tế có trách nhiệm gì trong việc sửa đổi, bổ sung danh mục dịch vụ kỹ thuật y tế?","Bộ Y tế chủ trì, phối hợp với các cơ quan liên quan sửa đổi, bổ sung danh mục dịch vụ kỹ thuật y tế bảo đảm nguyên tắc người bệnh được tiếp cận với dịch vụ kỹ thuật y tế có chất lượng, đáp ứng hiệu quả điều trị, phù hợp giữa mức đóng, mức hưởng bảo hiểm y tế, khuyến khích phát triển có kiểm soát sử dụng các dịch vụ kỹ thuật y tế với chi phí hợp lý theo quy định của pháp luật về bảo hiểm y tế."
"Cơ sở khám bệnh, chữa bệnh có trách nhiệm gì trong việc chỉ định và cung cấp dịch vụ kỹ thuật y tế?","Cơ sở khám bệnh, chữa bệnh có trách nhiệm chỉ định và cung cấp đầy đủ dịch vụ kỹ thuật y tế bảo đảm quyền lợi của người tham gia bảo hiểm y tế theo quy định của pháp luật về bảo hiểm y tế."
"Điều 8 của Thông tư nào quy định về tổ chức thực hiện và trách nhiệm của các cơ sở khám bệnh, chữa bệnh trong lĩnh vực bảo hiểm y tế?","Theo Điều 8 của Thông tư số 35/2016/TT-BYT, Bộ Y tế chủ trì, phối hợp với các cơ quan liên quan sửa đổi, bổ sung danh mục dịch vụ kỹ thuật y tế ban hành kèm theo Thông tư này bảo đảm nguyên tắc người bệnh được tiếp cận với dịch vụ kỹ thuật y tế có chất lượng, đáp ứng hiệu quả điều trị, phù hợp giữa mức đóng, mức hưởng bảo hiểm y tế, khuyến khích phát triển có kiểm soát sử dụng các dịch vụ kỹ thuật y tế với chi phí hợp lý."
Công việc cụ thể của Bộ Y tế trong lĩnh vực bảo hiểm y tế là gì?,"Theo Chunk 2, công việc cụ thể của Bộ Y tế trong lĩnh vực bảo hiểm y tế là xây dựng văn bản quy phạm pháp luật, chiến lược, quy hoạch, kế hoạch, chính sách, chương trình, đề án và hướng dẫn triển khai thực hiện các văn bản pháp luật, chiến lược, quy hoạch, kế hoạch, chính sách, chương trình, dự án quan trọng của lĩnh vực Bảo hiểm y tế."
Trung tâm hợp tác chuyên gia và nhân lực y tế với nước ngoài có trách nhiệm gì?,"Gửi danh sách công chức, viên chức đi chuyên gia và lao động y tế trở về nước tới Vụ Tổ chức cán bộ để kiểm tra, theo dõi và Vụ Hợp tác quốc tế để biết và phối hợp quản lý. Theo Điều 5 của Thông tư số 195/2014/TT-BYT."
"Các cơ quan có thẩm quyền quản lý công chức, viên chức thuộc cấp Bộ, ngành và tỉnh có trách nhiệm gì?","Phối hợp cùng Trung tâm hợp tác chuyên gia và nhân lực y tế với nước ngoài tổ chức thực hiện theo hướng dẫn của Thông tư này; đồng thời chịu trách nhiệm giải quyết các vấn đề phát sinh trước, trong và sau khi công chức, viên chức y tế đi chuyên gia và lao động nước ngoài. Theo Điều 1 của Thông tư số 195/2014/TT-BYT."
"Khi xây dựng các văn bản thuộc thẩm quyền ban hành thuộc lĩnh vực phụ trách, cần đảm bảo quy trình công tác và theo đúng kế hoạch về tiến độ, chất lượng và hiệu quả công việc. Vận dụng điều khoản nào vào tình huống thực tế này?","Theo Điều 2.5 của Thông tư số 195/2014/TT-BYT, cần phối hợp với các đơn vị liên quan tham mưu hoạch định và thực thi chính sách liên quan đến ngành, lĩnh vực nhiệm vụ được phân công."
"Trung tâm hợp tác chuyên gia và nhân lực y tế với nước ngoài có trách nhiệm gửi danh sách công chức, viên chức đi chuyên gia và lao động y tế trở về nước tới đâu?","Theo Điều 5 của Thông tư số 195/2014/TT-BYT, Trung tâm hợp tác chuyên gia và nhân lực y tế với nước ngoài có trách nhiệm gửi danh sách công chức, viên chức đi chuyên gia và lao động y tế trở về nước tới Vụ Tổ chức cán bộ để kiểm tra, theo dõi và Vụ Hợp tác quốc tế để biết và phối hợp quản lý."
"Phối hợp với các đơn vị liên quan tham mưu hoạch định và thực thi chính sách liên quan đến ngành, lĩnh vực nhiệm vụ được phân công khác gì với xây dựng các văn bản thuộc thẩm quyền ban hành thuộc lĩnh vực phụ trách?","Phối hợp với các đơn vị liên quan tham mưu hoạch định và thực thi chính sách liên quan đến ngành, lĩnh vực nhiệm vụ được phân công là việc thực hiện nhiệm vụ chung, hội họp, tham dự các cuộc họp liên quan đến lĩnh vực chuyên môn ở trong và ngoài đơn vị theo phân công. Theo Điều 2.5 của [Chunk 1], trong khi xây dựng các văn bản thuộc thẩm quyền ban hành thuộc lĩnh vực phụ trách là việc xây dựng các văn bản pháp quy, các văn bản về chuyên môn, nghiệp vụ, biên soạn các tài liệu hướng dẫn nghiệp vụ thuộc ngành hoặc lĩnh vực được phân công. Theo Điều 2.5 của [Chunk 1]."
"Trách nhiệm của Trung tâm hợp tác chuyên gia và nhân lực y tế với nước ngoài trong công tác thống kê và tổng hợp, báo cáo khác gì với trách nhiệm của các cơ quan có thẩm quyền quản lý công chức, viên chức thuộc cấp Bộ, ngành và tỉnh?","Trách nhiệm của Trung tâm hợp tác chuyên gia và nhân lực y tế với nước ngoài trong công tác thống kê và tổng hợp, báo cáo là việc gửi danh sách công chức, viên chức đi chuyên gia và lao động y tế trở về nước tới Vụ Tổ chức cán bộ để kiểm tra, theo dõi và Vụ Hợp tác quốc tế để biết và phối hợp quản lý. Theo Điều 5 của [Chunk 3], trong khi trách nhiệm của các cơ quan có thẩm quyền quản lý công chức, viên chức thuộc cấp Bộ, ngành và tỉnh là việc phối hợp cùng Trung tâm hợp tác chuyên gia và nhân lực y tế với nước ngoài tổ chức thực hiện theo hướng dẫn của Thông tư này; đồng thời chịu trách nhiệm giải quyết các vấn đề phát sinh trước, trong và sau khi công chức, viên chức y tế đi chuyên gia và lao động nước ngoài. Theo Điều 3 của [Chunk 3]."
Nhiệm vụ của khoa Dinh dưỡng hoặc bộ phận Dinh dưỡng là gì?,"Tham mưu cho lãnh đạo bệnh viện về hoạt động dinh dưỡng trong bệnh viện. Xây dựng, triển khai quy trình kỹ thuật chuyên môn về dinh dưỡng lâm sàng trong bệnh viện. Tổ chức thực hiện các hoạt động khám, tư vấn và điều trị bằng chế độ dinh dưỡng phù hợp với tình trạng dinh dưỡng và bệnh lý cho người bệnh. Tổ chức xây dựng chế độ dinh dưỡng phù hợp với tình trạng dinh dưỡng và bệnh lý cho người bệnh điều trị nội trú trong bệnh viện. Phối hợp với các khoa lâm sàng chỉ định chế độ dinh dưỡng bệnh lý cho người bệnh bị suy dinh dưỡng nặng, người bệnh được phân cấp chăm sóc cấp I. Quản lý thực phẩm, chế biến, cung cấp chế độ dinh dưỡng bệnh lý cho người bệnh tại giường bệnh. Kiểm tra, giám sát an toàn thực phẩm trong bệnh viện. Kiểm tra, giám sát việc thực hiện các quy định về hoạt động dinh dưỡng tại các khoa lâm sàng và trong bệnh viện. Theo Điều 9 của Thông tư số /TT-BYT."
"Các cơ sở sản xuất, kinh doanh thực phẩm thuộc đối tượng không phải cấp Giấy chứng nhận là gì?","Cơ sở sản xuất thực phẩm chức năng ban đầu nhỏ lẻ. Cơ sở kinh doanh nhỏ lẻ không có yêu cầu bảo quản sản phẩm đặc biệt. Cơ sở bán hàng rong. Cơ sở kinh doanh bao gói sẵn không yêu cầu điều kiện bảo quản đặc biệt. Cơ sở kinh doanh bao bì, dụng cụ tiếp xúc trực tiếp với thực phẩm. Nhà thuốc đã được cấp Giấy chứng nhận đạt GPP có kinh doanh thực phẩm chức năng, thực phẩm tăng cường vi chất dinh dưỡng. Theo Điều 9 của Thông tư số /TT-BYT."
Nhiệm vụ của khoa Dinh dưỡng hoặc bộ phận Dinh dưỡng trong bệnh viện là gì?,"Tham mưu cho lãnh đạo bệnh viện về hoạt động dinh dưỡng trong bệnh viện, xây dựng, triển khai quy trình kỹ thuật chuyên môn về dinh dưỡng lâm sàng trong bệnh viện và các nhiệm vụ khác. Theo Điều 9 của Thông tư số [Số hiệu]"
"Các cơ sở sản xuất, kinh doanh thực phẩm chức năng, thực phẩm tăng cường vi chất dinh dưỡng, phụ gia thực phẩm, chất hỗ trợ chế biến, nước khoáng thiên nhiên, nước uống đóng chai và bao bì, dụng cụ tiếp xúc trực tiếp với thực phẩm thuộc phạm vi quản lý của Bộ Y tế bao gồm những cơ sở nào?","Cơ sở sản xuất thực phẩm chức năng ban đầu nhỏ lẻ, cơ sở kinh doanh nhỏ lẻ không có yêu cầu bảo quản sản phẩm đặc biệt, cơ sở bán hàng rong, cơ sở kinh doanh bao gói sẵn không yêu cầu điều kiện bảo quản đặc biệt, cơ sở kinh doanh bao bì, dụng cụ tiếp xúc trực tiếp với thực phẩm. Theo Điều 9 của Thông tư số [Số hiệu]"
"Thành phần của đoàn thẩm định cấp giấy chứng nhận đủ điều kiện xét nghiệm khẳng định các trường hợp HIV dương tính do Cục trưởng Cục Phòng, chống HIV/AIDS quyết định?","Đại diện Lãnh đạo Cục Phòng, chống HIV/AIDS làm trưởng đoàn; cán bộ phụ trách hoạt động xét nghiệm HIV thuộc Cục Phòng, chống HIV/AIDS; chuyên gia về xét nghiệm HIV có ít nhất 5 năm kinh nghiệm thực hiện xét nghiệm khẳng định HIV dương tính bằng kỹ thuật phù hợp với kỹ thuật cơ sở y tế đề nghị thẩm định; các thành viên khác trong trường hợp cần thiết. Theo Điều 3 của Thông tư số 15/2023/TT-BYT."
Các trường hợp cấp lại giấy chứng nhận phòng xét nghiệm khẳng định HIV?,Giấy chứng nhận hết hạn; giấy chứng nhận bị mất hoặc hư hỏng; thay đổi người phụ trách hoặc nhân viên trực tiếp thực hiện kỹ thuật xét nghiệm HIV; thay đổi về vị trí cơ sở xét nghiệm; bổ sung kỹ thuật xét nghiệm HIV; giấy chứng nhận bị thu hồi. Theo Điều 20 của Thông tư số 15/2023/TT-BYT.
Tóm tắt thủ tục công bố phòng xét nghiệm đủ điều kiện thực hiện xét nghiệm sàng lọc HIV?,"Thủ tục công bố đủ điều kiện xét nghiệm HIV được thực hiện cùng thời điểm thực hiện việc đề nghị cấp Giấy phép hoạt động của cơ sở, theo Điều 18 của Thông tư số 195/2014/TT-BYT."
Ai quyết định thành lập đoàn thẩm định cấp giấy chứng nhận đủ điều kiện xét nghiệm khẳng định các trường hợp HIV dương tính?,"Cục trưởng Cục Phòng, chống HIV/AIDS quyết định thành lập đoàn thẩm định cấp giấy chứng nhận đủ điều kiện xét nghiệm khẳng định các trường hợp HIV dương tính, theo Điều 3 của Thông tư số 195/2014/TT-BYT."
"So sánh thành phần đoàn thẩm định cấp giấy chứng nhận đủ điều kiện xét nghiệm khẳng định các trường hợp HIV dương tính giữa Cục Phòng, chống HIV/AIDS và Sở Y tế?","Theo Điều 3 của Thông tư số [Số hiệu], đoàn thẩm định cấp giấy chứng nhận đủ điều kiện xét nghiệm khẳng định các trường hợp HIV dương tính gồm các thành viên: đại diện Lãnh đạo Cục phòng, chống HIV/AIDS làm trưởng đoàn, cán bộ phụ trách hoạt động xét nghiệm HIV thuộc Cục Phòng, chống HIV/AIDS, chuyên gia về xét nghiệm HIV có ít nhất 5 năm kinh nghiệm thực hiện xét nghiệm khẳng định HIV dương tính bằng kỹ thuật phù hợp với kỹ thuật cơ sở y tế đề nghị thẩm định. Còn theo Điều 3 của Thông tư số [Số hiệu], đoàn thẩm định cấp giấy chứng nhận đủ điều kiện xét nghiệm khẳng định các trường hợp HIV dương tính gồm các thành viên: đại diện Lãnh đạo Sở Y tế làm trưởng đoàn, ..."
Hồ sơ và thủ tục cấp lại giấy chứng nhận đủ điều kiện xét nghiệm khẳng định các trường hợp HIV dương tính trong trường hợp giấy chứng nhận bị mất hoặc hư hỏng?,"Theo Điều 20 của Thông tư số [Số hiệu], hồ sơ đề nghị cấp lại giấy chứng nhận đủ điều kiện xét nghiệm khẳng định các trường hợp HIV dương tính gồm: văn bản đề nghị cấp lại của cơ sở nơi có phòng xét nghiệm khẳng định HIV theo mẫu quy định tại Phụ lục 8 ban hành kèm theo Thông tư này, giấy chứng nhận phòng xét nghiệm khẳng định HIV đã được cấp (nếu có). Quy trình thẩm định cấp lại giấy chứng nhận đủ điều kiện xét nghiệm khẳng định các trường hợp HIV dương tính do giấy chứng nhận bị mất hoặc hư hỏng."
Những chức danh chuyên môn nào được cấp giấy phép hành nghề trong giai đoạn chuyển tiếp?,"a) Bác sỹ y khoa; b) Bác sỹ y học dự phòng; d) Bác sỹ răng hàm mặt; đ) Bác sỹ với phạm vi hành nghề chuyên khoa, trừ các chuyên khoa thuộc y học cổ truyền; e) Y sỹ đa khoa; g) Hộ sinh; h) Kỹ thuật y; i) Dinh dưỡng lâm sàng; k) Tâm lý lâm sàng; l) Cấp cứu viên ngoại viện. Theo Điều 1 của Luật Khám bệnh, chữa bệnh số 15/2023/QH15."
"Phạm vi hành nghề của dịch vụ tiêm chích, thay băng là gì?","Chỉ thực hiện theo đơn của bác sỹ, không được khám bệnh, kê đơn. Theo Điều 3 của Luật Khám bệnh, chữa bệnh số 15/2023/QH15."
Tóm tắt phạm vi hành nghề quy định tại Điều 3 của Thông tư nào?,"Theo Điều 3, phạm vi hành nghề bao gồm dịch vụ tiêm chích, thay băng; dịch vụ làm răng giả; dịch vụ chăm sóc sức khỏe tại nhà. Theo Điều 3 của Thông tư số 195/2014/TT-BYT."
"Việc thu và sử dụng lệ phí cấp, cấp lại chứng chỉ hành nghề được quy định tại Điều nào của Thông tư nào?","Theo Điều 3, việc thu và sử dụng lệ phí cấp, cấp lại chứng chỉ hành nghề bao gồm cả điều chỉnh phạm vi hoạt động chuyên môn trong chứng chỉ hành nghề; cấp, cấp lại và điều chỉnh giấy phép hoạt động của các cơ sở khám bệnh, chữa bệnh. Theo Điều 3 của Thông tư số 195/2014/TT-BYT."
"Hồ sơ xin nhập khẩu mẫu bệnh phẩm để kiểm định, thử thực địa gồm những gì?","Công văn xin nhập mẫu kiểm định, thử thực địa, mẫu lưu và yêu cầu của Cơ quan kiểm định, thử thực địa bằng văn bản."
"Thủ tục nhập khẩu mẫu bệnh phẩm để kiểm định, thử thực địa là gì?","Thương nhân, tổ chức xin phép nhập khẩu gửi hồ sơ về Bộ Y tế (Cục Y tế dự phòng Việt Nam) và trong vòng 15 ngày làm việc kể từ ngày nhận đủ hồ sơ hợp lệ, Bộ Y tế (Cục Y tế dự phòng Việt Nam) tiến hành xem xét và trả lời bằng văn bản về việc đồng ý hoặc không đồng ý cấp giấy phép nhập khẩu."
"Tóm tắt các bước thủ tục nhập khẩu vắc xin, sinh phẩm y tế để kiểm định, thử thực địa, dùng làm mẫu đăng ký?","Các bước thủ tục nhập khẩu vắc xin, sinh phẩm y tế để kiểm định, thử thực địa, dùng làm mẫu đăng ký bao gồm: gửi hồ sơ về Bộ Y tế (Cục Y tế dự phòng Việt Nam), trong vòng 15 ngày làm việc kể từ ngày nhận đủ hồ sơ hợp lệ, Bộ Y tế (Cục Y tế dự phòng Việt Nam) tiến hành xem xét và trả lời bằng văn bản về việc đồng ý hoặc không đồng ý cấp giấy phép nhập khẩu. Theo Điều 2.2.2 của Thông tư số 195/2014/TT-BYT."
Điều kiện để thu thập mẫu bệnh phẩm là gì?,"Điều kiện để thu thập mẫu bệnh phẩm là người thực hiện việc lấy mẫu bệnh phẩm phải có kỹ năng thu thập mẫu bệnh phẩm, việc thu thập mẫu bệnh phẩm phải bảo đảm an toàn và tránh lây nhiễm đối với người đi lấy mẫu, người cùng làm việc, nhân viên phòng xét nghiệm và người bệnh. Theo Điều 4 của Thông tư số 195/2014/TT-BYT."
"Công ty nhập khẩu mẫu bệnh phẩm để nghiên cứu, sử dụng cho các chương trình, dự án cần chuẩn bị hồ sơ gì?",Công văn đề nghị nhập khẩu. Theo khoản 2.2.3.1 của Thông tư số ... (không rõ số hiệu)
Người thực hiện việc lấy mẫu bệnh phẩm phải có kỹ năng gì?,Người thực hiện việc lấy mẫu bệnh phẩm phải có kỹ năng thu thập mẫu bệnh phẩm. Theo Điều 4 của Thông tư số ... (không rõ số hiệu)
Quản lý giấy chứng nhận an toàn sinh học được quy định như thế nào?,Mỗi phòng xét nghiệm chỉ được cấp một giấy chứng nhận an toàn sinh học theo mẫu quy định tại Phụ lục 11 ban hành kèm theo Thông tư này. theo Thông tư số 195/2014/TT-BYT.
Các yếu tố nào cần được đảm bảo tại đơn vị xét nghiệm?,"Việc thực hiện vệ sinh môi trường, bảo đảm an ninh, trật tự tại đơn vị và việc tiếp công dân, giải quyết kiến nghị, phản ánh, khiếu nại, tố cáo và kết quả giải quyết kiến nghị, phản ánh, khiếu nại, tố cáo của người bệnh và người đại diện hợp pháp của người bệnh đối với đơn vị. theo Thông tư số 195/2014/TT-BYT."
"Một phòng xét nghiệm được cấp giấy chứng nhận an toàn sinh học theo quy định, sau đó, trong thời gian không quá bao nhiêu ngày, Bộ Y tế gửi văn bản thông báo cho Ủy ban nhân dân tỉnh và Sở Y tế tỉnh nơi cơ sở xét nghiệm đã được cấp giấy chứng nhận an toàn sinh học?","Sau khi cấp giấy chứng nhận an toàn sinh học cho cơ sở, Bộ Y tế gửi văn bản thông báo cho Ủy ban nhân dân tỉnh và Sở Y tế tỉnh nơi cơ sở xét nghiệm đã được cấp giấy chứng nhận an toàn sinh học đặt trụ sở trong thời gian không quá 30 (ba mươi) ngày kể từ ngày cấp mới, cấp lại giấy chứng nhận an toàn sinh học. Theo Điều 3 của Thông tư số 195/2014/TT-BYT."
"Để được công nhận đạt tiêu chuẩn ISO 17025 đối với một số xét nghiệm bắt buộc về kiểm tra chất lượng nước ăn uống, sinh hoạt, thực phẩm, một phòng xét nghiệm phải đạt được những yêu cầu nào?","Để được công nhận đạt tiêu chuẩn ISO 17025 đối với một số xét nghiệm bắt buộc về kiểm tra chất lượng nước ăn uống, sinh hoạt, thực phẩm, một phòng xét nghiệm phải đạt được các yêu cầu về cơ sở vật chất, trang thiết bị, nhân sự và thực hành. Theo quy định tại Phần 1.6 của Thông tư số 195/2014/TT-BYT."
"Quản lý giấy chứng nhận an toàn sinh học khác gì so với việc thực hiện vệ sinh môi trường, bảo đảm an ninh, trật tự tại đơn vị?","Quản lý giấy chứng nhận an toàn sinh học khác với việc thực hiện vệ sinh môi trường, bảo đảm an ninh, trật tự tại đơn vị vì nó liên quan đến cấp mới, cấp lại giấy chứng nhận an toàn sinh học và gửi văn bản thông báo cho các cơ quan liên quan. Theo Điều 3 của Thông tư số 195/2014/TT-BYT."
"Phòng xét nghiệm được công nhận đạt tiêu chuẩn ISO 17025 khác gì với việc thực hiện vệ sinh môi trường, cảnh quan xanh, sạch, đẹp?","Phòng xét nghiệm được công nhận đạt tiêu chuẩn ISO 17025 khác với việc thực hiện vệ sinh môi trường, cảnh quan xanh, sạch, đẹp vì nó liên quan đến việc được công nhận đạt tiêu chuẩn ISO 17025 cho một số xét nghiệm bắt buộc về kiểm tra chất lượng nước ăn uống, sinh hoạt, thực phẩm. Theo Điều 1.6 của Thông tư số 195/2014/TT-BYT."
Tiêm chủng là gì?,Tiêm chủng là việc đưa vắc xin vào cơ thể con người với mục đích tạo cho cơ thể khả năng đáp ứng miễn dịch để dự phòng bệnh tật. Theo Điều 2 của Thông tư số...
Dịch vụ tiêm chủng bao gồm những hoạt động nào?,"Dịch vụ tiêm chủng bao gồm tư vấn trước tiêm chủng, khám sàng lọc, tiêm chủng, theo dõi phản ứng sau tiêm chủng, quản lý đối tượng, thống kê báo cáo. Theo Điều 25 của Thông tư số..."
"Một người mẹ có thai muốn tiêm chủng tại nhà, liệu có được không?","Có, theo Điều 1 của Thông tư số 195/2014/TT-BYT, dịch vụ tiêm chủng có thể được thực hiện tại nhà."
"Một người thầy thuốc làm việc trong cơ sở khám bệnh, chữa bệnh có cần tiêm phòng vắc xin phòng ngừa các bệnh truyền nhiễm không?","Có, theo Điều 5 của Thông tư số 195/2014/TT-BYT, thầy thuốc, nhân viên y tế làm việc trong các cơ sở khám bệnh, chữa bệnh được tiêm phòng vắc xin phòng ngừa các bệnh truyền nhiễm."
Phiếu tiếp nhận Bản công bố dược liệu sản xuất theo GACP-WHO có hiệu lực đến khi nào?,Phiếu tiếp nhận Bản công bố dược liệu sản xuất theo GACP-WHO có hiệu lực đến hết thời hạn của Phiếu tiếp nhận Bản công bố dược liệu sản xuất theo GACP-WHO. Theo Điều 17 của Thông tư số 195/2014/TT-BYT.
"Quy trình trồng trọt, thu hái, chế biến dược liệu gồm những nội dung nào?","Quy trình trồng trọt, thu hái, chế biến dược liệu gồm các nội dung: chọn vùng đất, xác định thời gian trồng trọt và thời vụ thu hoạch; chọn giống, nhân giống; xử lý đất trồng, gieo giống; chăm bón, tưới tiêu; phòng ngừa sâu bệnh; thu hái, sơ chế, chế biến; đóng gói, ghi nhãn, bảo quản; yêu cầu chất lượng và phương pháp kiểm tra, kiểm soát chất lượng sản phẩm. Theo Điều 6 của Thông tư số 195/2014/TT-BYT."
Việc cấp lại Giấy chứng nhận dược liệu đạt GACP-WHO có liên quan gì đến Phiếu tiếp nhận Bản công bố dược liệu sản xuất theo GACP-WHO?,"Theo Điều 17 của Thông tư số 195/2014/TT-BYT, trường hợp cơ sở đề nghị cấp Giấy chứng nhận dược liệu đạt GACP-WHO thay cho Phiếu tiếp nhận Bản công bố dược liệu sản xuất theo GACP-WHO còn hiệu lực, cơ sở thực hiện việc cấp lại Giấy chứng nhận dược liệu đạt GACP-WHO theo quy định tại Điều 17 Thông tư này."
"Quy trình trồng trọt, thu hái, chế biến dược liệu có liên quan gì đến tổ chức đánh giá sự phù hợp trong lĩnh vực GACP-WHO?","Theo quy định, quy trình trồng trọt, thu hái, chế biến dược liệu là tài liệu kỹ thuật gồm các nội dung: chọn vùng đất, xác định thời gian trồng trọt và thời vụ thu hoạch; chọn giống, nhân giống; xử lý đất trồng, gieo giống; chăm bón, tưới tiêu; phòng ngừa sâu bệnh; thu hái, sơ chế, chế biến; đóng gói, ghi nhãn, bảo quản; yêu cầu chất lượng và phương pháp kiểm tra, kiểm soát chất lượng sản phẩm. Tổ chức đánh giá sự phù hợp trong lĩnh vực GACP-WHO là tổ chức có đủ điều kiện quy định do Bộ Y tế chỉ định."
"Thẩm quyền cấp, cấp lại, thu hồi giấy chứng nhận người có bài thuốc gia truyền, giấy chứng nhận người có phương pháp chữa bệnh gia truyền là ai?","Người đứng đầu cơ quan chuyên môn về y tế thuộc Ủy ban nhân dân cấp tỉnh cấp, cấp lại, thu hồi giấy chứng nhận người có bài thuốc gia truyền, giấy chứng nhận người có phương pháp chữa bệnh gia truyền. Theo Điều 20 của Thông tư số .../.../TT-BYT"
Điều kiện được cấp giấy chứng nhận là lương y đối với đối tượng quy định Khoản 5 Điều 1 Thông tư này là gì?,"Có giấy xác nhận đã tham dự lớp bồi dưỡng về y học cổ truyền do viện, bệnh viện y học cổ truyền, Hội Đông y, Hội Châm cứu tỉnh trở lên, các trường chuyên ngành y, dược với tổng thời gian từ đủ 6 tháng trở lên trước khi Thông tư này có hiệu lực. Theo Điều 6 của Thông tư số .../.../TT-BYT"
"Cấp mới, cấp lại, điều chỉnh, gia hạn giấy phép hành nghề trong giai đoạn chuyển tiếp đối với người làm việc tại cơ sở khám bệnh, chữa bệnh trực thuộc Bộ Y tế nộp hồ sơ đề nghị cấp giấy phép hành nghề từ ngày nào?",Từ ngày 01 tháng 01 năm 2024. Theo Điều 2 của Thông tư số 195/2014/TT-BYT.
"Y, bác sĩ chuyên khoa YHDT có đủ điều kiện hành nghề được cấp giấy phép đăng ký hành nghề khám bệnh, chữa bệnh phù hợp với trình độ chuyên môn ghi trong văn bằng tốt nghiệp?","Đúng. Y, bác sĩ chuyên khoa YHDT có đủ điều kiện hành nghề được cấp giấy phép đăng ký hành nghề khám bệnh, chữa bệnh phù hợp với trình độ chuyên môn ghi trong văn bằng tốt nghiệp. Theo Điều 3 của Thông tư số 195/2014/TT-BYT."
Tóm tắt các chức danh chuyên môn được cấp giấy phép hành nghề trong giai đoạn chuyển tiếp?,"Các chức danh chuyên môn được cấp giấy phép hành nghề trong giai đoạn chuyển tiếp gồm bác sỹ y học cổ truyền, bác sỹ với phạm vi hành nghề chuyên khoa y học cổ truyền, và y sỹ y học cổ truyền. Theo Điều 2 của Thông tư số 195/2014/TT-BYT."
Diễn giải các nội dung được phép thực hiện trong phòng khám thuộc hệ nội?,"Trong phòng khám thuộc hệ nội, được phép thực hiện các nội dung như khám bệnh, chẩn đoán, điều trị các bệnh thuộc chuyên khoa đã được duyệt. Theo Điều 2 của Thông tư số 195/2014/TT-BYT."
"Một bác sĩ y học cổ truyền muốn cấp giấy phép hành nghề khám bệnh, chữa bệnh y học cổ truyền. Thủ tục hành chính nào cần thực hiện?","Thừa nhận giấy phép hành nghề khám bệnh, chữa bệnh y học cổ truyền do cơ quan, tổ chức có thẩm quyền của nước ngoài cấp (Mã thủ tục hành chính: 1. 012277). Theo Điều 2 của Thông tư số .../TT-BYT."
"Một lương y muốn đăng ký hành nghề khám bệnh, chữa bệnh bằng y học cổ truyền. Điều kiện gì cần đáp ứng?","Lương y phải có đủ điều kiện hành nghề được cấp giấy phép đăng ký hành nghề khám bệnh, chữa bệnh (ngoài giờ hành chính đối với những người đang công tác tại các cơ sở y tế Nhà nước) phù hợp với trình độ chuyên môn ghi trong văn bằng tốt nghiệp. Theo Điều 3 của Luật Khám bệnh, chữa bệnh số 15/2023/QH15."
